"tier";"championName";"championId";"teamPosition";"match_cnt";"win_cnt";"ban_cnt";"pick_cnt";"win_rate";"ban_rate";"pick_rate";"av_kda";"most_priperk1";"most_priperk2";"most_priperk3";"most_priperk4";"most_pristyle";"most_subperk1";"most_subperk2";"most_substyle";"abil_def";"abil_fle";"abil_off";"spell1_1";"spell1_2";"spell1_cnt";"spell1_rate";"spell1_win";"spell2_1";"spell2_2";"spell2_cnt";"spell2_rate";"spell2_win";"skill_build1";"skill_build2";"skill_build3";"skill_cnt";"skill_rate";"skill_win";"item_set1_1";"item_set1_2";"item_set1_3";"item_set1_4";"item_set1_5";"item_set1_6";"item_set1_7";"item_set1_8";"item_set1_cnt";"item_set1_rate";"item_set1_win";"item_set2_1";"item_set2_2";"item_set2_3";"item_set2_4";"item_set2_5";"item_set2_6";"item_set2_7";"item_set2_8";"item_set2_cnt";"item_set2_rate";"item_set2_win";"shoes1";"shoes1_cnt";"shoes1_rate";"shoes1_win";"shoes2";"shoes2_cnt";"shoes2_rate";"shoes2_win";"core1_1";"core1_2";"core1_3";"core1_4";"core1_5";"core1_6";"core1_cnt";"core1_rate";"core1_win";"core2_1";"core2_2";"core2_3";"core2_4";"core2_5";"core2_6";"core2_cnt";"core2_rate";"core2_win";"core3_1";"core3_2";"core3_3";"core3_4";"core3_5";"core3_6";"core3_cnt";"core3_rate";"core3_win"
"mast";"Lux";"";"";528;31;0;65;0.4769;0.0;0.1231;5.52;"8128";"8126";"8138";"8106";"8100";"8128";"8126";"8000";"5002";"5008";"5008";"13";"4";16;0.25;0.38;"3";"4";"15";"0.23";"0.33";"3";"1";"2";45;0.69;0.56;"3802";"1001";"";"";"";"";"";"";49;0.75;0.47;"3802";"2031";"";"";"";"";"";"";6;0.09;0.5;"3020";56;0.86;0.48;"3158";3;0.05;0.67;"6653";"4645";"";"";"";"";"5";0.08;0.4;"6655";"4645";"3089";"";"";"";"5";0.08;0.6;"6655";"4628";"";"";"";"";"3";0.05;0.67
"mast";"Viktor";"";"";528;17;0;39;0.4359;0.0;0.0739;3.94;"8128";"8139";"8138";"8135";"8100";"8128";"8139";"8000";"5002";"5008";"5008";"6";"4";29;0.74;0.52;"4";"6";"6";"0.15";"0.17";"3";"1";"2";31;0.79;0.52;"3802";"1001";"";"";"";"";"";"";20;0.51;0.5;"3802";"";"";"";"";"";"";"";6;0.15;0.0;"3020";33;0.85;0.48;"3158";2;0.05;0.5;"6655";"4645";"3100";"";"";"";"2";0.05;0.0;"6653";"";"";"";"";"";"2";0.05;0.0;"6655";"4645";"";"";"";"";"2";0.05;0.0
"mast";"Veigar";"";"";528;23;0;44;0.5227;0.0;0.0833;3.96;"8128";"8126";"8138";"8106";"8100";"8128";"8126";"8000";"5002";"5008";"5008";"6";"4";16;0.36;0.38;"32";"4";"11";"0.25";"0.36";"1";"2";"3";21;0.48;0.67;"3802";"1001";"";"";"";"";"";"";21;0.48;0.67;"3803";"2003";"2003";"";"";"";"";"";7;0.16;0.57;"3020";24;0.55;0.62;"3111";8;0.18;0.62;"6657";"3083";"3089";"";"";"";"3";0.07;1.0;"6655";"3083";"3050";"3143";"";"";"1";0.02;0.0;"6657";"3089";"3135";"";"";"";"1";0.02;0.0
"mast";"LeeSin";"";"";528;28;0;58;0.4828;0.0;0.1098;3.46;"8010";"9111";"9104";"8014";"8000";"8010";"9111";"8100";"5002";"5008";"5005";"32";"4";43;0.74;0.42;"4";"32";"15";"0.26";"0.67";"1";"3";"2";25;0.43;0.52;"6029";"1001";"";"";"";"";"";"";21;0.36;0.62;"3134";"1001";"";"";"";"";"";"";15;0.26;0.2;"3111";33;0.57;0.52;"3047";11;0.19;0.45;"6630";"6333";"";"";"";"";"4";0.07;0.75;"6630";"3071";"6333";"";"";"";"2";0.03;0.5;"6630";"3071";"3156";"";"";"";"2";0.03;1.0
"mast";"Yuumi";"";"";528;15;0;34;0.4412;0.0;0.0644;11.63;"8214";"8226";"8210";"8237";"8200";"8214";"8226";"8000";"5002";"5008";"5008";"3";"13";11;0.32;0.36;"13";"3";"10";"0.29";"0.5";"1";"3";"2";21;0.62;0.48;"3802";"1004";"";"";"";"";"";"";15;0.44;0.4;"3802";"";"";"";"";"";"";"";5;0.15;0.4;"";0;0.0;0.0;"";0;0.0;0.0;"6655";"3089";"4628";"";"";"";"2";0.06;0.0;"6655";"4628";"3089";"3011";"";"";"2";0.06;0.0;"6655";"3089";"4645";"";"";"";"2";0.06;0.5
"mast";"Neeko";"";"";528;24;0;46;0.5217;0.0;0.0871;3.63;"8128";"8126";"8138";"8106";"8100";"8128";"8126";"8000";"5002";"5008";"5008";"32";"4";25;0.54;0.56;"4";"32";"18";"0.39";"0.56";"1";"3";"2";31;0.67;0.55;"3802";"1001";"";"";"";"";"";"";20;0.43;0.7;"3145";"1001";"2003";"";"";"";"";"";6;0.13;0.17;"3020";40;0.87;0.5;"3158";5;0.11;0.8;"6655";"4645";"3157";"";"";"";"5";0.11;0.6;"3152";"4645";"";"";"";"";"4";0.09;0.5;"3152";"4645";"3135";"";"";"";"3";0.07;0.67
"mast";"Malphite";"";"";528;31;0;60;0.5167;0.0;0.1136;3.14;"8128";"8143";"8138";"8106";"8100";"8128";"8143";"8200";"5002";"5008";"5008";"32";"4";34;0.57;0.65;"4";"32";"18";"0.3";"0.39";"1";"3";"2";39;0.65;0.56;"3145";"1001";"2003";"";"";"";"";"";13;0.22;0.46;"3145";"1001";"";"";"";"";"";"";8;0.13;0.75;"3020";35;0.58;0.46;"3111";15;0.25;0.53;"4636";"4645";"3089";"";"";"";"5";0.08;0.4;"6655";"4645";"";"";"";"";"4";0.07;0.25;"4636";"4629";"3157";"";"";"";"3";0.05;0.67
"mast";"Sivir";"";"";528;22;0;52;0.4231;0.0;0.0985;4.34;"8008";"8009";"9103";"8014";"8000";"8008";"8009";"8100";"5002";"5008";"5005";"6";"4";26;0.5;0.46;"4";"6";"10";"0.19";"0.7";"1";"2";"3";35;0.67;0.49;"6670";"2003";"2003";"";"";"";"";"";23;0.44;0.43;"6670";"";"";"";"";"";"";"";10;0.19;0.4;"3006";39;0.75;0.44;"3158";7;0.13;0.29;"3087";"6675";"";"";"";"";"5";0.1;0.2;"3087";"6675";"3072";"";"";"";"4";0.08;0.75;"3087";"6675";"3072";"3036";"";"";"3";0.06;0.67
"mast";"Ryze";"";"";528;21;0;35;0.6;0.0;0.0663;4.09;"8230";"8226";"8210";"8236";"8200";"8230";"8226";"8100";"5002";"5008";"5008";"6";"4";23;0.66;0.57;"4";"6";"6";"0.17";"0.83";"1";"3";"2";24;0.69;0.62;"1026";"3070";"2031";"";"";"";"";"";10;0.29;0.5;"3803";"2003";"2003";"";"";"";"";"";5;0.14;0.8;"3020";24;0.69;0.54;"3111";5;0.14;0.6;"6657";"3003";"4629";"";"";"";"5";0.14;0.6;"6657";"3003";"3089";"";"";"";"3";0.09;1.0;"6657";"";"";"";"";"";"3";0.09;0.33
"mast";"Pyke";"";"";528;24;0;54;0.4444;0.0;0.1023;3.67;"8128";"8143";"8138";"8106";"8100";"8128";"8143";"8000";"5002";"5008";"5008";"32";"4";29;0.54;0.41;"4";"32";"23";"0.43";"0.48";"1";"3";"2";37;0.69;0.59;"3134";"1001";"";"";"";"";"";"";40;0.74;0.45;"3134";"2031";"";"";"";"";"";"";2;0.04;0.5;"3158";33;0.61;0.52;"3111";13;0.24;0.31;"6691";"6696";"6676";"";"";"";"5";0.09;0.6;"6691";"6696";"3814";"";"";"";"2";0.04;0.5;"6691";"6696";"6693";"";"";"";"2";0.04;0.5
"mast";"Amumu";"";"";528;18;0;27;0.6667;0.0;0.0511;3.04;"8439";"8463";"8429";"8451";"8400";"8439";"8463";"8100";"5003";"5002";"5007";"32";"4";21;0.78;0.67;"4";"32";"6";"0.22";"0.67";"1";"3";"2";13;0.48;0.69;"3105";"2031";"";"";"";"";"";"";6;0.22;1.0;"3145";"1001";"2003";"";"";"";"";"";4;0.15;0.5;"3111";12;0.44;0.75;"3158";5;0.19;0.8;"6665";"3119";"";"";"";"";"3";0.11;1.0;"6665";"3068";"";"";"";"";"3";0.11;0.67;"6665";"3075";"8020";"3083";"";"";"1";0.04;1.0
"mast";"Ahri";"";"";528;29;0;51;0.5686;0.0;0.0966;4.11;"8128";"8126";"8138";"8106";"8100";"8128";"8126";"8000";"5002";"5008";"5008";"32";"4";21;0.41;0.67;"4";"32";"8";"0.16";"0.75";"1";"2";"3";29;0.57;0.62;"3802";"1001";"";"";"";"";"";"";37;0.73;0.65;"3802";"2031";"";"";"";"";"";"";3;0.06;0.33;"3020";39;0.76;0.64;"3158";9;0.18;0.33;"6655";"4645";"";"";"";"";"4";0.08;0.75;"6655";"4645";"3089";"";"";"";"3";0.06;0.67;"6655";"4628";"";"";"";"";"3";0.06;0.33
"mast";"Velkoz";"";"";528;17;0;30;0.5667;0.0;0.0568;3.9;"8128";"8126";"8138";"8106";"8100";"8128";"8126";"8000";"5002";"5008";"5008";"7";"4";8;0.27;0.75;"3";"4";"6";"0.2";"0.5";"1";"2";"3";20;0.67;0.75;"3802";"1001";"";"";"";"";"";"";23;0.77;0.52;"3070";"1052";"1027";"2031";"";"";"";"";1;0.03;1.0;"3020";28;0.93;0.54;"3158";1;0.03;1.0;"6653";"4637";"3089";"";"";"";"2";0.07;0.5;"6655";"4645";"4628";"";"";"";"2";0.07;0.0;"6655";"4645";"";"";"";"";"2";0.07;0.5
"mast";"Kled";"";"";528;5;0;8;0.625;0.0;0.0152;3.02;"8010";"9111";"9105";"8299";"8000";"8010";"9111";"8400";"5002";"5008";"5005";"32";"4";4;0.5;0.75;"6";"4";"2";"0.25";"0";"1";"2";"3";3;0.38;1.0;"6029";"1001";"";"";"";"";"";"";4;0.5;1.0;"2051";"1001";"2031";"6029";"1001";"3134";"1001";"";1;0.12;0.0;"3047";5;0.62;0.6;"3111";3;0.38;0.67;"6630";"3074";"3071";"6333";"3053";"";"1";0.12;1.0;"6630";"3071";"3053";"";"";"";"1";0.12;1.0;"6692";"";"";"";"";"";"1";0.12;0.0
"mast";"Rammus";"";"";528;6;0;14;0.4286;0.0;0.0265;2.98;"8439";"8463";"8429";"8242";"8400";"8439";"8463";"8000";"5002";"5002";"5005";"32";"4";9;0.64;0.33;"4";"32";"3";"0.21";"0.67";"2";"3";"1";9;0.64;0.56;"3076";"1028";"2031";"";"";"";"";"";3;0.21;0.33;"3076";"1028";"";"";"";"";"";"";2;0.14;0.5;"3111";7;0.5;0.43;"3047";4;0.29;0.75;"3075";"6665";"";"";"";"";"3";0.21;0.33;"3001";"8020";"4401";"3075";"3193";"";"1";0.07;0.0;"3068";"3119";"6665";"";"";"";"1";0.07;1.0
"mast";"Renekton";"";"";528;15;0;26;0.5769;0.0;0.0492;3.16;"8010";"9111";"9105";"8299";"8000";"8010";"9111";"8400";"5002";"5008";"5008";"32";"4";19;0.73;0.58;"4";"32";"5";"0.19";"0.4";"1";"3";"2";16;0.62;0.62;"6029";"1001";"";"";"";"";"";"";12;0.46;0.83;"6029";"2031";"";"";"";"";"";"";3;0.12;0.33;"3111";14;0.54;0.57;"3047";8;0.31;0.62;"6630";"";"";"";"";"";"3";0.12;0.33;"6630";"3071";"6333";"";"";"";"3";0.12;0.33;"6630";"3071";"";"";"";"";"2";0.08;0.5
"mast";"Xerath";"";"";528;23;0;44;0.5227;0.0;0.0833;5.84;"8128";"8126";"8138";"8106";"8100";"8128";"8126";"8000";"5002";"5008";"5008";"13";"4";15;0.34;0.4;"3";"4";"8";"0.18";"0.5";"1";"2";"3";32;0.73;0.5;"3802";"1001";"";"";"";"";"";"";31;0.7;0.52;"3802";"2031";"";"";"";"";"";"";4;0.09;0.25;"3020";40;0.91;0.5;"3158";2;0.05;0.5;"6655";"4628";"";"";"";"";"3";0.07;1.0;"6653";"4628";"";"";"";"";"3";0.07;0.67;"6655";"4645";"";"";"";"";"3";0.07;0.0
"mast";"Varus";"";"";528;31;0;59;0.5254;0.0;0.1117;4.47;"8128";"8139";"8138";"8135";"8100";"8128";"8139";"8000";"5002";"5008";"5008";"6";"4";23;0.39;0.57;"1";"4";"7";"0.12";"0.29";"1";"3";"2";35;0.59;0.54;"3070";"1036";"1036";"1001";"";"";"";"";20;0.34;0.6;"3177";"3070";"2003";"";"";"";"";"";10;0.17;0.5;"3158";38;0.64;0.66;"3006";11;0.19;0.27;"6691";"3004";"6694";"";"";"";"8";0.14;0.88;"6691";"3004";"6676";"6694";"";"";"4";0.07;0.5;"6691";"3004";"";"";"";"";"3";0.05;1.0
"mast";"Karma";"";"";528;22;0;36;0.6111;0.0;0.0682;5.3;"8128";"8126";"8138";"8106";"8100";"8128";"8126";"8000";"5002";"5008";"5008";"3";"4";15;0.42;0.67;"4";"3";"5";"0.14";"0.6";"1";"3";"2";25;0.69;0.64;"3802";"1001";"";"";"";"";"";"";20;0.56;0.65;"3802";"2031";"";"";"";"";"";"";4;0.11;0.75;"3020";21;0.58;0.76;"3158";12;0.33;0.42;"6655";"4645";"3089";"";"";"";"5";0.14;0.6;"6655";"4645";"";"";"";"";"3";0.08;0.67;"6655";"3089";"";"";"";"";"2";0.06;1.0
"mast";"Lucian";"";"";528;31;0;58;0.5345;0.0;0.1098;3.61;"8005";"8009";"9104";"8014";"8000";"8005";"8009";"8100";"5002";"5008";"5005";"1";"4";23;0.4;0.7;"7";"4";"11";"0.19";"0.45";"1";"3";"2";36;0.62;0.64;"6670";"2003";"2003";"";"";"";"";"";16;0.28;0.56;"6670";"";"";"";"";"";"";"";10;0.17;0.6;"3006";27;0.47;0.52;"3111";13;0.22;0.46;"6672";"6675";"";"";"";"";"5";0.09;0.2;"6672";"6675";"3036";"3072";"";"";"3";0.05;0.67;"6672";"6675";"3072";"";"";"";"3";0.05;0.67
"mast";"Tryndamere";"";"";528;17;0;29;0.5862;0.0;0.0549;3.66;"8008";"9111";"9104";"8299";"8000";"8008";"9111";"8100";"5002";"5008";"5005";"32";"4";16;0.55;0.56;"4";"6";"4";"0.14";"0.75";"1";"3";"2";16;0.55;0.69;"1011";"1028";"2003";"2003";"";"";"";"";5;0.17;1.0;"1011";"1028";"";"";"";"";"";"";3;0.1;0.67;"3111";15;0.52;0.6;"3006";8;0.28;0.5;"3084";"3068";"3153";"";"";"";"6";0.21;0.67;"3084";"3068";"3748";"3153";"";"";"2";0.07;0.5;"3084";"3068";"3153";"4401";"";"";"2";0.07;1.0
"mast";"Riven";"";"";528;23;0;33;0.697;0.0;0.0625;3.67;"8010";"9111";"9105";"8299";"8000";"8010";"9111";"8100";"5002";"5008";"5008";"32";"4";23;0.7;0.74;"4";"32";"9";"0.27";"0.67";"1";"3";"2";23;0.7;0.74;"3134";"1001";"";"";"";"";"";"";10;0.3;0.7;"6029";"1001";"";"";"";"";"";"";9;0.27;0.67;"3111";16;0.48;0.56;"3158";11;0.33;0.82;"6692";"3074";"3161";"";"";"";"2";0.06;1.0;"6630";"6333";"3071";"";"";"";"2";0.06;0.5;"6692";"3074";"";"";"";"";"2";0.06;0.5
"mast";"Singed";"";"";528;15;0;29;0.5172;0.0;0.0549;3.32;"8010";"9111";"9105";"8299";"8000";"8010";"9111";"8200";"5002";"5008";"5008";"32";"4";14;0.48;0.29;"32";"6";"6";"0.21";"0.67";"1";"3";"2";23;0.79;0.57;"3803";"2003";"2003";"";"";"";"";"";9;0.31;0.56;"2051";"3070";"2003";"";"";"";"";"";5;0.17;0.6;"3111";18;0.62;0.44;"3009";6;0.21;0.83;"6657";"3116";"";"";"";"";"3";0.1;0.67;"6657";"3116";"4637";"";"";"";"3";0.1;0.67;"6665";"3083";"3116";"";"";"";"1";0.03;0.0
"mast";"Kayn";"";"";528;8;0;24;0.3333;0.0;0.0455;2.17;"8128";"8143";"8138";"8106";"8100";"8128";"8143";"8000";"5002";"5008";"5008";"32";"4";17;0.71;0.29;"4";"32";"6";"0.25";"0.5";"1";"2";"3";17;0.71;0.29;"3070";"1036";"1036";"1001";"";"";"";"";11;0.46;0.36;"3134";"1001";"";"";"";"";"";"";3;0.12;0.33;"3158";10;0.42;0.4;"3111";8;0.33;0.38;"6630";"3004";"6333";"3065";"";"";"2";0.08;0.5;"6691";"3004";"6696";"";"";"";"1";0.04;0.0;"6691";"3004";"6696";"6693";"6694";"6676";"1";0.04;1.0
"mast";"Sett";"";"";528;14;0;30;0.4667;0.0;0.0568;2.48;"8010";"9111";"9105";"8299";"8000";"8010";"9111";"8400";"5002";"5008";"5005";"32";"4";23;0.77;0.48;"4";"32";"6";"0.2";"0.33";"2";"1";"3";18;0.6;0.5;"6029";"1001";"";"";"";"";"";"";9;0.3;0.56;"1011";"1028";"2003";"2003";"";"";"";"";3;0.1;0.67;"3111";20;0.67;0.55;"3047";6;0.2;0.5;"3084";"3748";"";"";"";"";"3";0.1;0.33;"3084";"3083";"";"";"";"";"3";0.1;0.67;"3084";"3083";"3748";"4401";"";"";"1";0.03;0.0
"mast";"Senna";"";"";528;23;0;54;0.4259;0.0;0.1023;4.52;"8008";"8009";"9104";"8014";"8000";"8008";"8009";"8100";"5002";"5008";"5005";"6";"4";32;0.59;0.53;"4";"6";"8";"0.15";"0.25";"1";"2";"3";37;0.69;0.49;"3070";"1036";"1036";"1001";"";"";"";"";17;0.31;0.35;"6670";"2003";"2003";"";"";"";"";"";7;0.13;0.57;"3006";29;0.54;0.41;"3009";20;0.37;0.55;"6692";"3004";"3094";"";"";"";"5";0.09;0.2;"3124";"6672";"";"";"";"";"2";0.04;1.0;"6672";"3124";"";"";"";"";"2";0.04;0.0
"mast";"Galio";"";"";528;10;0;22;0.4545;0.0;0.0417;3.08;"8439";"8463";"8429";"8451";"8400";"8439";"8463";"8000";"5002";"5008";"5008";"32";"4";15;0.68;0.47;"4";"32";"3";"0.14";"0.33";"1";"2";"3";10;0.45;0.5;"3105";"2031";"";"";"";"";"";"";7;0.32;0.57;"2051";"3070";"2003";"";"";"";"";"";2;0.09;1.0;"3111";14;0.64;0.57;"3047";5;0.23;0.2;"6665";"3068";"3075";"";"";"";"2";0.09;0.5;"6665";"";"";"";"";"";"2";0.09;0.0;"3193";"3084";"";"";"";"";"1";0.05;0.0
"mast";"Yasuo";"";"";528;28;0;46;0.6087;0.0;0.0871;2.95;"8008";"9111";"9104";"8014";"8000";"8008";"9111";"8100";"5002";"5008";"5005";"32";"4";28;0.61;0.54;"4";"32";"11";"0.24";"0.82";"1";"3";"2";31;0.67;0.55;"3006";"1042";"";"";"";"";"";"";20;0.43;0.5;"6670";"2003";"2003";"";"";"";"";"";8;0.17;0.88;"3006";36;0.78;0.64;"3111";6;0.13;0.33;"6672";"3031";"6673";"";"";"";"6";0.13;0.5;"6672";"3031";"3072";"";"";"";"5";0.11;0.4;"3087";"3031";"3072";"";"";"";"3";0.07;0.0
"mast";"Irelia";"";"";528;11;0;32;0.3438;0.0;0.0606;2.44;"8010";"9111";"9104";"8299";"8000";"8010";"9111";"8400";"5002";"5008";"5005";"32";"4";20;0.62;0.35;"4";"32";"11";"0.34";"0.27";"1";"2";"3";16;0.5;0.44;"1053";"1001";"2031";"";"";"";"";"";8;0.25;0.38;"3184";"1001";"2031";"";"";"";"";"";3;0.09;0.0;"3111";20;0.62;0.2;"3047";9;0.28;0.67;"3153";"6665";"";"";"";"";"3";0.09;0.0;"3153";"6665";"6333";"";"";"";"2";0.06;0.5;"3153";"6630";"3091";"";"";"";"2";0.06;0.5
"mast";"Ezreal";"";"";528;29;0;69;0.4203;0.0;0.1307;3.97;"8010";"8009";"9103";"8014";"8000";"8010";"8009";"8200";"5002";"5008";"5005";"1";"4";20;0.29;0.45;"7";"4";"16";"0.23";"0.38";"1";"3";"2";51;0.74;0.45;"3057";"3070";"1001";"";"";"";"";"";36;0.52;0.39;"3070";"3057";"1001";"";"";"";"";"";9;0.13;0.33;"3158";57;0.83;0.42;"3111";9;0.13;0.33;"3078";"3004";"6694";"";"";"";"10";0.14;0.4;"3078";"3004";"6694";"3074";"";"";"4";0.06;0.25;"3078";"3004";"";"";"";"";"3";0.04;0.67
"mast";"Viego";"";"";528;17;0;33;0.5152;0.0;0.0625;3.56;"8010";"9111";"9104";"8014";"8000";"8010";"9111";"8100";"5002";"5008";"5005";"32";"4";28;0.85;0.57;"4";"32";"4";"0.12";"0.25";"1";"3";"2";18;0.55;0.56;"3057";"1036";"1001";"2003";"";"";"";"";11;0.33;0.36;"3057";"1036";"1036";"";"";"";"";"";7;0.21;0.71;"3111";24;0.73;0.54;"3047";8;0.24;0.5;"6632";"3153";"6333";"";"";"";"7";0.21;0.0;"6632";"6333";"3153";"";"";"";"3";0.09;0.67;"6632";"3153";"";"";"";"";"2";0.06;1.0
"mast";"Caitlyn";"";"";528;27;0;62;0.4355;0.0;0.1174;3.75;"8008";"8009";"9103";"8014";"8000";"8008";"8009";"8100";"5002";"5008";"5005";"6";"4";29;0.47;0.31;"7";"4";"8";"0.13";"0.62";"1";"2";"3";34;0.55;0.38;"6670";"";"";"";"";"";"";"";15;0.24;0.4;"6670";"2003";"2003";"";"";"";"";"";13;0.21;0.54;"3006";37;0.6;0.49;"3158";17;0.27;0.41;"3095";"3031";"3094";"3036";"";"";"4";0.06;0.75;"6672";"3031";"3094";"";"";"";"3";0.05;0.0;"3095";"";"";"";"";"";"2";0.03;0.0
"mast";"Chogath";"";"";528;18;0;35;0.5143;0.0;0.0663;3.69;"8437";"8446";"8429";"8451";"8400";"8437";"8446";"8000";"5002";"5008";"5005";"32";"4";26;0.74;0.46;"4";"32";"7";"0.2";"0.86";"1";"2";"3";27;0.77;0.56;"3801";"1028";"2031";"";"";"";"";"";9;0.26;0.33;"2051";"3070";"2003";"";"";"";"";"";5;0.14;0.6;"3047";14;0.4;0.5;"3111";14;0.4;0.57;"3084";"3083";"";"";"";"";"2";0.06;0.5;"6665";"3083";"";"";"";"";"2";0.06;1.0;"3084";"3083";"4401";"";"";"";"2";0.06;1.0
"mast";"Alistar";"";"";528;16;0;33;0.4848;0.0;0.0625;3.59;"8439";"8463";"8473";"8451";"8400";"8439";"8463";"8000";"5001";"5002";"5007";"32";"4";22;0.67;0.45;"4";"32";"8";"0.24";"0.5";"1";"2";"3";21;0.64;0.48;"3105";"2031";"";"";"";"";"";"";7;0.21;0.43;"2051";"3070";"2003";"";"";"";"";"";7;0.21;0.71;"3111";19;0.58;0.58;"3047";10;0.3;0.3;"6665";"3119";"";"";"";"";"3";0.09;0.33;"6665";"3083";"";"";"";"";"2";0.06;0.5;"6667";"3110";"3068";"";"";"";"1";0.03;1.0
"mast";"Graves";"";"";528;24;0;40;0.6;0.0;0.0758;3.49;"8128";"8143";"8138";"8135";"8100";"8128";"8143";"8000";"5002";"5008";"5005";"32";"4";22;0.55;0.64;"4";"32";"9";"0.23";"0.56";"1";"3";"2";32;0.8;0.62;"3134";"1001";"";"";"";"";"";"";22;0.55;0.68;"3070";"1036";"1036";"1001";"";"";"";"";2;0.05;0.5;"3111";21;0.53;0.62;"3006";9;0.23;0.44;"6691";"6676";"3072";"";"";"";"5";0.12;0.4;"6692";"6676";"3072";"";"";"";"2";0.05;1.0;"6691";"6676";"";"";"";"";"2";0.05;1.0
"mast";"Nautilus";"";"";528;17;0;40;0.425;0.0;0.0758;3.19;"8439";"8401";"8473";"8451";"8400";"8439";"8401";"8000";"5001";"5002";"5007";"32";"4";29;0.72;0.45;"4";"32";"7";"0.17";"0.43";"1";"2";"3";23;0.57;0.52;"2051";"3070";"2003";"";"";"";"";"";15;0.38;0.33;"3105";"2031";"";"";"";"";"";"";7;0.17;0.57;"3111";23;0.57;0.43;"3047";11;0.28;0.36;"6665";"3119";"3075";"";"";"";"2";0.05;1.0;"6665";"3068";"4401";"3075";"";"";"2";0.05;1.0;"6665";"3119";"";"";"";"";"2";0.05;1.0
"mast";"Leblanc";"";"";528;27;0;57;0.4737;0.0;0.108;3.73;"8128";"8143";"8138";"8106";"8100";"8128";"8143";"8000";"5002";"5008";"5008";"32";"4";25;0.44;0.6;"14";"4";"11";"0.19";"0.27";"2";"1";"3";27;0.47;0.44;"3802";"1001";"";"";"";"";"";"";25;0.44;0.44;"2015";"1036";"1036";"";"";"";"";"";11;0.19;0.45;"3020";33;0.58;0.39;"3158";5;0.09;0.4;"6655";"4645";"";"";"";"";"3";0.05;0.67;"6655";"4645";"3089";"";"";"";"3";0.05;0.33;"3087";"6632";"";"";"";"";"2";0.04;1.0
"mast";"Quinn";"";"";528;13;0;24;0.5417;0.0;0.0455;3.15;"8008";"9111";"9104";"8014";"8000";"8008";"9111";"8100";"5002";"5008";"5005";"7";"4";5;0.21;0.6;"6";"4";"5";"0.21";"0.4";"1";"3";"2";12;0.5;0.42;"6670";"2003";"2003";"";"";"";"";"";8;0.33;0.62;"3134";"1001";"";"";"";"";"";"";3;0.12;1.0;"3006";16;0.67;0.56;"3111";3;0.12;0.67;"3087";"6671";"6676";"";"";"";"2";0.08;0.5;"3078";"6672";"3087";"";"";"";"1";0.04;0.0;"3087";"3031";"6676";"3072";"";"";"1";0.04;1.0
"mast";"Twitch";"";"";528;18;0;42;0.4286;0.0;0.0795;3.9;"8008";"9111";"9104";"8014";"8000";"8008";"9111";"8100";"5002";"5008";"5005";"6";"4";24;0.57;0.42;"1";"4";"6";"0.14";"0.67";"3";"1";"2";25;0.6;0.52;"6670";"2003";"2003";"";"";"";"";"";13;0.31;0.46;"6670";"";"";"";"";"";"";"";4;0.1;0.75;"3006";34;0.81;0.44;"3117";1;0.02;0.0;"6672";"3085";"3031";"";"";"";"3";0.07;1.0;"6672";"3031";"3085";"";"";"";"2";0.05;0.5;"6672";"3085";"3031";"3153";"";"";"2";0.05;0.5
"mast";"Seraphine";"";"";528;17;0;33;0.5152;0.0;0.0625;5.39;"8128";"8126";"8138";"8106";"8100";"8128";"8126";"8000";"5002";"5008";"5008";"3";"4";21;0.64;0.52;"13";"4";"3";"0.09";"0";"1";"3";"2";14;0.42;0.57;"3802";"1001";"";"";"";"";"";"";17;0.52;0.59;"4642";"3070";"2003";"";"";"";"";"";6;0.18;0.67;"3158";21;0.64;0.48;"3020";9;0.27;0.56;"6617";"6616";"3003";"3011";"";"";"2";0.06;1.0;"6653";"";"";"";"";"";"2";0.06;0.5;"6655";"3116";"3089";"";"";"";"1";0.03;1.0
"mast";"MonkeyKing";"";"";528;11;0;26;0.4231;0.0;0.0492;2.53;"8010";"9111";"9105";"8014";"8000";"8010";"9111";"8100";"5002";"5008";"5005";"32";"4";18;0.69;0.44;"4";"32";"8";"0.31";"0.38";"1";"3";"2";20;0.77;0.5;"3057";"1036";"1036";"";"";"";"";"";6;0.23;0.17;"3057";"1036";"1001";"2003";"";"";"";"";5;0.19;0.4;"3111";19;0.73;0.42;"3047";3;0.12;0.67;"6632";"3071";"6333";"";"";"";"5";0.19;0.2;"6632";"6333";"3071";"";"";"";"2";0.08;1.0;"6632";"3071";"6333";"3156";"";"";"1";0.04;0.0
"mast";"Pantheon";"";"";528;24;0;41;0.5854;0.0;0.0777;3.26;"8010";"9111";"9105";"8014";"8000";"8010";"9111";"8100";"5002";"5008";"5008";"32";"4";33;0.8;0.55;"4";"32";"5";"0.12";"0.6";"1";"3";"2";26;0.63;0.54;"3134";"1001";"";"";"";"";"";"";15;0.37;0.67;"6029";"1001";"";"";"";"";"";"";6;0.15;0.67;"3111";22;0.54;0.59;"3047";8;0.2;0.75;"6692";"6676";"";"";"";"";"2";0.05;0.5;"6691";"3156";"3004";"3074";"";"";"1";0.02;1.0;"6692";"3071";"3161";"";"";"";"1";0.02;0.0
"mast";"Xayah";"";"";528;31;0;64;0.4844;0.0;0.1212;3.56;"8008";"8009";"9103";"8014";"8000";"8008";"8009";"8100";"5002";"5008";"5005";"6";"4";34;0.53;0.56;"4";"6";"11";"0.17";"0.55";"3";"2";"1";35;0.55;0.6;"6670";"2003";"2003";"";"";"";"";"";31;0.48;0.52;"6670";"";"";"";"";"";"";"";14;0.22;0.5;"3006";52;0.81;0.46;"3111";5;0.08;0.6;"6672";"6675";"3072";"";"";"";"6";0.09;0.5;"6672";"6675";"";"";"";"";"6";0.09;0.33;"6672";"6671";"3072";"";"";"";"4";0.06;0.25
"mast";"Braum";"";"";528;10;0;20;0.5;0.0;0.0379;4.61;"8465";"8463";"8429";"8451";"8400";"8465";"8463";"8000";"5001";"5002";"5007";"32";"4";13;0.65;0.54;"4";"32";"5";"0.25";"0.4";"1";"3";"2";11;0.55;0.64;"2051";"3070";"2003";"";"";"";"";"";9;0.45;0.78;"3105";"2031";"";"";"";"";"";"";7;0.35;0.29;"3111";15;0.75;0.53;"3047";4;0.2;0.25;"6665";"3119";"3068";"";"";"";"4";0.2;0.75;"6665";"3119";"";"";"";"";"3";0.15;0.33;"6665";"3068";"3075";"3083";"";"";"1";0.05;1.0
"mast";"Nidalee";"";"";528;24;0;51;0.4706;0.0;0.0966;4.95;"8128";"8143";"8138";"8135";"8100";"8128";"8143";"8000";"5002";"5008";"5008";"32";"4";24;0.47;0.46;"4";"32";"9";"0.18";"0.67";"1";"3";"2";35;0.69;0.6;"3802";"1001";"";"";"";"";"";"";24;0.47;0.42;"3145";"1001";"";"";"";"";"";"";6;0.12;0.67;"3020";45;0.88;0.51;"3158";4;0.08;0.25;"6655";"3089";"3135";"";"";"";"2";0.04;0.0;"6655";"4645";"3089";"3157";"";"";"2";0.04;1.0;"6655";"4645";"";"";"";"";"2";0.04;0.0
"mast";"Skarner";"";"";528;5;0;5;1.0;0.0;0.0095;5.51;"8437";"8401";"8429";"8451";"8400";"8437";"8401";"8000";"5001";"5002";"5007";"32";"4";4;0.8;1.0;"6";"32";"1";"0.2";"1";"1";"2";"3";2;0.4;1.0;"2051";"3070";"2003";"";"";"";"";"";2;0.4;1.0;"3070";"1033";"1029";"2031";"";"";"";"";1;0.2;1.0;"3111";3;0.6;1.0;"3047";1;0.2;1.0;"3084";"6665";"3083";"6665";"";"";"1";0.2;1.0;"6665";"3119";"4401";"";"";"";"1";0.2;1.0;"6632";"3004";"3074";"6665";"";"";"1";0.2;1.0
"mast";"Azir";"";"";528;20;0;28;0.7143;0.0;0.053;3.47;"8008";"8009";"9104";"8014";"8000";"8008";"8009";"8100";"5002";"5008";"5005";"32";"4";10;0.36;0.7;"6";"4";"4";"0.14";"0.75";"1";"2";"3";13;0.46;0.69;"3802";"1001";"";"";"";"";"";"";22;0.79;0.68;"3802";"";"";"";"";"";"";"";4;0.14;0.75;"3020";24;0.86;0.79;"3006";3;0.11;0.33;"6655";"4645";"";"";"";"";"3";0.11;0.67;"6655";"3115";"4645";"3157";"";"";"2";0.07;1.0;"6655";"3115";"3157";"";"";"";"2";0.07;1.0
"mast";"Gnar";"";"";528;7;0;16;0.4375;0.0;0.0303;3.34;"8010";"9111";"9104";"8014";"8000";"8010";"9111";"8100";"5002";"5008";"5005";"32";"4";11;0.69;0.45;"4";"32";"4";"0.25";"0.25";"1";"2";"3";13;0.81;0.38;"3051";"1001";"";"";"";"";"";"";2;0.12;0.5;"2051";"1001";"2031";"";"";"";"";"";2;0.12;1.0;"3111";9;0.56;0.22;"3047";7;0.44;0.71;"3078";"4401";"3071";"";"";"";"1";0.06;0.0;"6632";"3193";"3071";"";"";"";"1";0.06;1.0;"3078";"3071";"3091";"4401";"3156";"6632";"1";0.06;0.0
"mast";"Swain";"";"";528;14;0;30;0.4667;0.0;0.0568;3.57;"8010";"8009";"9105";"8299";"8000";"8010";"8009";"8400";"5002";"5008";"5008";"32";"4";14;0.47;0.43;"4";"32";"8";"0.27";"0.38";"1";"2";"3";18;0.6;0.56;"3802";"1001";"";"";"";"";"";"";5;0.17;0.4;"3803";"2003";"2003";"";"";"";"";"";4;0.13;0.0;"3111";12;0.4;0.67;"3020";8;0.27;0.25;"6657";"3116";"4637";"";"";"";"2";0.07;0.0;"6657";"3116";"3065";"";"";"";"1";0.03;0.0;"6653";"3116";"3065";"";"";"";"1";0.03;0.0
"mast";"Lulu";"";"";528;20;0;35;0.5714;0.0;0.0663;6.79;"8214";"8226";"8210";"8237";"8200";"8214";"8226";"8000";"5002";"5008";"5008";"3";"4";27;0.77;0.63;"4";"3";"4";"0.11";"0.75";"3";"2";"1";23;0.66;0.61;"4642";"3070";"2003";"";"";"";"";"";22;0.63;0.59;"4642";"1028";"2003";"";"";"";"";"";2;0.06;1.0;"3158";28;0.8;0.57;"3047";2;0.06;0.5;"2065";"3504";"";"";"";"";"2";0.06;0.5;"2065";"3003";"3504";"3011";"";"";"2";0.06;0.0;"2065";"3504";"3107";"";"";"";"1";0.03;0.0
"mast";"Morgana";"";"";528;36;0;66;0.5455;0.0;0.125;4.73;"8128";"8126";"8138";"8106";"8100";"8128";"8126";"8000";"5002";"5008";"5008";"32";"4";32;0.48;0.62;"4";"32";"18";"0.27";"0.5";"1";"2";"3";28;0.42;0.54;"3802";"1001";"";"";"";"";"";"";45;0.68;0.53;"3802";"2031";"";"";"";"";"";"";4;0.06;0.5;"3020";43;0.65;0.6;"3158";16;0.24;0.5;"6653";"3157";"4637";"";"";"";"4";0.06;0.0;"6653";"3157";"3165";"";"";"";"4";0.06;0.25;"6653";"4637";"3116";"";"";"";"4";0.06;0.75
"mast";"Taliyah";"";"";528;6;0;26;0.2308;0.0;0.0492;3.23;"8128";"8126";"8138";"8135";"8100";"8128";"8126";"8000";"5002";"5008";"5008";"6";"4";12;0.46;0.33;"3";"4";"5";"0.19";"0";"1";"3";"2";20;0.77;0.25;"3802";"1001";"";"";"";"";"";"";18;0.69;0.33;"3802";"3070";"3108";"";"";"";"";"";1;0.04;0.0;"3020";25;0.96;0.24;"3158";1;0.04;0.0;"6655";"4645";"3089";"";"";"";"2";0.08;0.0;"6655";"4645";"3157";"";"";"";"2";0.08;0.5;"6655";"4645";"3089";"3135";"";"";"2";0.08;0.0
"mast";"TwistedFate";"";"";528;25;0;43;0.5814;0.0;0.0814;3.68;"8128";"8139";"8138";"8135";"8100";"8128";"8139";"8000";"5002";"5008";"5008";"6";"4";26;0.6;0.5;"4";"6";"8";"0.19";"0.5";"1";"2";"3";29;0.67;0.62;"3802";"1001";"";"";"";"";"";"";27;0.63;0.63;"6670";"2003";"2003";"";"";"";"";"";4;0.09;0.25;"3020";30;0.7;0.57;"3009";3;0.07;0.67;"6655";"3094";"";"";"";"";"3";0.07;0.67;"6655";"3094";"3100";"3089";"";"";"2";0.05;0.5;"6655";"3094";"3100";"";"";"";"2";0.05;0.5
"mast";"Volibear";"";"";528;6;0;12;0.5;0.0;0.0227;2.69;"8437";"8401";"8429";"8451";"8400";"8437";"8401";"8000";"5002";"5008";"5005";"32";"4";7;0.58;0.43;"6";"4";"4";"0.33";"0.5";"2";"1";"3";7;0.58;0.43;"3067";"1001";"2031";"";"";"";"";"";1;0.08;0.0;"3067";"1001";"1006";"";"";"";"";"";1;0.08;1.0;"3111";7;0.58;0.43;"3047";2;0.17;0.5;"3084";"3068";"3083";"";"";"";"1";0.08;0.0;"6665";"3110";"3075";"3110";"3068";"";"1";0.08;1.0;"6655";"4645";"";"";"";"";"1";0.08;1.0
"mast";"Urgot";"";"";528;11;0;17;0.6471;0.0;0.0322;2.92;"8010";"9111";"9105";"8299";"8000";"8010";"9111";"8400";"5002";"5008";"5008";"32";"4";12;0.71;0.58;"6";"4";"2";"0.12";"1";"2";"3";"1";11;0.65;0.64;"3077";"2031";"";"";"";"";"";"";3;0.18;0.67;"1011";"1028";"2003";"2003";"";"";"";"";2;0.12;1.0;"3111";12;0.71;0.75;"3047";3;0.18;0.33;"3084";"";"";"";"";"";"3";0.18;0.67;"6665";"3748";"3065";"";"";"";"1";0.06;1.0;"6665";"4401";"3071";"3193";"";"";"1";0.06;1.0
"mast";"Anivia";"";"";528;17;0;35;0.4857;0.0;0.0663;4.0;"8128";"8126";"8138";"8135";"8100";"8128";"8126";"8000";"5002";"5008";"5008";"13";"4";13;0.37;0.46;"3";"4";"7";"0.2";"0.43";"3";"1";"2";22;0.63;0.5;"3802";"1001";"";"";"";"";"";"";14;0.4;0.5;"3070";"3108";"";"";"";"";"";"";3;0.09;0.67;"3020";25;0.71;0.4;"3111";3;0.09;0.67;"6653";"3003";"";"";"";"";"2";0.06;0.5;"6653";"4637";"";"";"";"";"2";0.06;0.0;"6653";"3003";"4637";"";"";"";"2";0.06;1.0
"mast";"Maokai";"";"";528;25;0;45;0.5556;0.0;0.0852;3.73;"8439";"8463";"8429";"8451";"8400";"8439";"8463";"8000";"5001";"5002";"5007";"32";"4";33;0.73;0.52;"4";"32";"6";"0.13";"0.5";"3";"1";"2";14;0.31;0.71;"2051";"3070";"2003";"";"";"";"";"";8;0.18;0.5;"3802";"1001";"";"";"";"";"";"";6;0.13;0.5;"3111";25;0.56;0.68;"3047";11;0.24;0.36;"6665";"3119";"";"";"";"";"3";0.07;0.67;"6665";"3068";"3075";"";"";"";"2";0.04;0.0;"6653";"4637";"";"";"";"";"2";0.04;1.0
"mast";"KogMaw";"";"";528;22;0;38;0.5789;0.0;0.072;3.83;"8008";"8009";"9104";"8014";"8000";"8008";"8009";"8100";"5002";"5008";"5005";"6";"4";19;0.5;0.58;"4";"6";"6";"0.16";"0.33";"2";"1";"3";19;0.5;0.47;"3006";"1042";"";"";"";"";"";"";9;0.24;0.67;"6677";"2031";"";"";"";"";"";"";4;0.11;0.75;"3006";17;0.45;0.53;"3020";12;0.32;0.67;"3124";"3091";"3153";"";"";"";"2";0.05;0.5;"3124";"3085";"3153";"";"";"";"2";0.05;1.0;"3153";"3124";"3091";"";"";"";"2";0.05;0.5
"mast";"Vayne";"";"";528;22;0;44;0.5;0.0;0.0833;2.68;"8008";"9111";"9104";"8014";"8000";"8008";"9111";"8100";"5002";"5008";"5005";"6";"4";20;0.45;0.5;"4";"6";"10";"0.23";"0.6";"2";"1";"3";22;0.5;0.55;"3006";"1042";"";"";"";"";"";"";25;0.57;0.56;"6670";"2003";"2003";"";"";"";"";"";5;0.11;0.6;"3006";42;0.95;0.5;"3158";1;0.02;0.0;"3124";"3153";"3091";"";"";"";"3";0.07;0.33;"3153";"";"";"";"";"";"2";0.05;0.0;"3087";"3078";"";"";"";"";"2";0.05;1.0
"mast";"Cassiopeia";"";"";528;13;0;28;0.4643;0.0;0.053;3.53;"8010";"8009";"9105";"8014";"8000";"8010";"8009";"8100";"5002";"5008";"5008";"6";"4";12;0.43;0.42;"4";"6";"10";"0.36";"0.6";"3";"1";"2";17;0.61;0.65;"3112";"3070";"2003";"";"";"";"";"";7;0.25;0.29;"1026";"3070";"2031";"";"";"";"";"";4;0.14;0.5;"";0;0.0;0.0;"";0;0.0;0.0;"6656";"3003";"3157";"";"";"";"2";0.07;0.5;"6657";"3003";"3116";"4637";"";"";"2";0.07;1.0;"6657";"4637";"3116";"";"";"";"1";0.04;0.0
"mast";"Nunu";"";"";528;10;0;31;0.3226;0.0;0.0587;3.32;"8128";"8126";"8138";"8105";"8100";"8128";"8126";"8200";"5002";"5008";"5008";"32";"4";16;0.52;0.25;"6";"4";"6";"0.19";"0.33";"2";"1";"3";10;0.32;0.2;"3145";"1001";"2003";"";"";"";"";"";11;0.35;0.18;"3145";"1001";"";"";"";"";"";"";3;0.1;0.33;"3020";21;0.68;0.33;"3111";7;0.23;0.43;"4636";"4629";"";"";"";"";"2";0.06;0.5;"4636";"4645";"4628";"";"";"";"2";0.06;0.0;"6665";"3119";"3065";"";"";"";"1";0.03;0.0
"mast";"Kennen";"";"";528;12;0;26;0.4615;0.0;0.0492;3.37;"8128";"8143";"8138";"8106";"8100";"8128";"8143";"8000";"5002";"5008";"5008";"32";"4";18;0.69;0.44;"4";"32";"4";"0.15";"0.5";"1";"2";"3";15;0.58;0.47;"3145";"1001";"2003";"";"";"";"";"";17;0.65;0.47;"3145";"1001";"";"";"";"";"";"";4;0.15;0.25;"3020";22;0.85;0.45;"3158";2;0.08;0.5;"3152";"3157";"";"";"";"";"5";0.19;0.2;"4636";"4645";"3089";"";"";"";"2";0.08;0.5;"3152";"3157";"4645";"";"";"";"2";0.08;0.5
"mast";"Mordekaiser";"";"";528;13;0;25;0.52;0.0;0.0473;2.93;"8010";"9111";"9105";"8299";"8000";"8010";"9111";"8400";"5002";"5008";"5005";"32";"4";15;0.6;0.6;"4";"32";"5";"0.2";"0.6";"1";"3";"2";15;0.6;0.53;"4635";"";"";"";"";"";"";"";5;0.2;0.4;"3105";"2031";"";"";"";"";"";"";4;0.16;0.75;"3111";14;0.56;0.57;"3047";9;0.36;0.33;"6665";"3116";"";"";"";"";"4";0.16;0.5;"6665";"3116";"3075";"";"";"";"2";0.08;1.0;"3116";"6665";"3065";"";"";"";"1";0.04;1.0
"mast";"Yone";"";"";528;21;0;44;0.4773;0.0;0.0833;2.76;"8008";"9111";"9104";"8014";"8000";"8008";"9111";"8100";"5002";"5008";"5005";"32";"4";34;0.77;0.44;"4";"32";"8";"0.18";"0.62";"1";"3";"2";29;0.66;0.41;"3006";"1042";"";"";"";"";"";"";23;0.52;0.52;"6670";"";"";"";"";"";"";"";5;0.11;0.6;"3006";29;0.66;0.55;"3111";8;0.18;0.12;"6672";"3031";"6673";"";"";"";"2";0.05;0.5;"6672";"3031";"3072";"";"";"";"2";0.05;1.0;"6672";"6671";"";"";"";"";"2";0.05;0.5
"mast";"Camille";"";"";528;11;0;17;0.6471;0.0;0.0322;2.88;"8010";"9111";"9104";"8014";"8000";"8010";"9111";"8100";"5002";"5008";"5005";"32";"4";11;0.65;0.64;"4";"32";"5";"0.29";"0.8";"1";"3";"2";8;0.47;0.88;"3057";"1036";"1036";"";"";"";"";"";7;0.41;0.71;"3177";"1042";"2031";"";"";"";"";"";1;0.06;1.0;"3111";9;0.53;0.78;"3047";5;0.29;0.6;"6632";"3074";"";"";"";"";"3";0.18;0.67;"6632";"6333";"";"";"";"";"2";0.12;0.5;"3078";"3074";"6333";"";"";"";"1";0.06;1.0
"mast";"Vladimir";"";"";528;14;0;32;0.4375;0.0;0.0606;3.27;"8230";"8275";"8210";"8236";"8200";"8128";"8139";"8200";"5002";"5008";"5007";"6";"4";15;0.47;0.47;"32";"4";"6";"0.19";"0.17";"1";"3";"2";23;0.72;0.39;"3145";"1001";"2003";"";"";"";"";"";12;0.38;0.33;"3145";"1001";"";"";"";"";"";"";4;0.12;0.5;"3020";18;0.56;0.39;"3158";9;0.28;0.56;"4636";"4629";"";"";"";"";"4";0.12;0.0;"4636";"4629";"3157";"";"";"";"3";0.09;0.33;"3152";"4629";"";"";"";"";"2";0.06;0.5
"mast";"Sona";"";"";528;14;0;28;0.5;0.0;0.053;5.46;"8214";"8226";"8210";"8237";"8200";"8214";"8226";"8000";"5002";"5008";"5008";"3";"4";10;0.36;0.5;"13";"4";"9";"0.32";"0.67";"1";"2";"3";14;0.5;0.57;"4642";"3070";"2003";"";"";"";"";"";13;0.46;0.46;"3802";"1001";"";"";"";"";"";"";5;0.18;0.6;"3158";25;0.89;0.48;"3020";2;0.07;1.0;"6617";"6616";"3504";"3107";"";"";"1";0.04;1.0;"6653";"3003";"3100";"3089";"";"";"1";0.04;0.0;"4644";"3003";"";"";"";"";"1";0.04;0.0
"mast";"Malzahar";"";"";528;13;0;30;0.4333;0.0;0.0568;3.59;"8128";"8126";"8138";"8106";"8100";"8128";"8126";"8000";"5002";"5008";"5008";"3";"4";12;0.4;0.42;"4";"3";"4";"0.13";"0.25";"3";"1";"2";16;0.53;0.56;"3802";"1001";"";"";"";"";"";"";20;0.67;0.6;"3802";"";"";"";"";"";"";"";2;0.07;0.0;"3020";22;0.73;0.45;"3158";4;0.13;0.25;"6653";"3116";"";"";"";"";"3";0.1;0.0;"6653";"4637";"3011";"3011";"3135";"3165";"1";0.03;0.0;"6653";"4637";"4645";"";"";"";"1";0.03;0.0
"mast";"Shaco";"";"";528;27;0;40;0.675;0.0;0.0758;4.25;"8128";"8143";"8138";"8106";"8100";"8128";"8143";"8000";"5002";"5008";"5008";"32";"4";24;0.6;0.79;"4";"32";"8";"0.2";"0.38";"3";"2";"1";16;0.4;0.69;"3802";"1001";"";"";"";"";"";"";25;0.62;0.68;"2031";"3802";"";"";"";"";"";"";3;0.07;1.0;"3020";19;0.47;0.74;"3158";12;0.3;0.58;"6653";"4645";"4637";"";"";"";"3";0.07;0.67;"6653";"4637";"4645";"";"";"";"2";0.05;0.0;"6653";"4637";"";"";"";"";"2";0.05;1.0
"mast";"Zeri";"";"";528;20;0;39;0.5128;0.0;0.0739;3.61;"8008";"8009";"9103";"8014";"8000";"8008";"8009";"8100";"5002";"5008";"5005";"6";"4";26;0.67;0.65;"4";"6";"6";"0.15";"0.33";"1";"3";"2";25;0.64;0.6;"6670";"2003";"2003";"";"";"";"";"";15;0.38;0.6;"6670";"";"";"";"";"";"";"";8;0.21;0.5;"3006";35;0.9;0.51;"3111";2;0.05;1.0;"3087";"6675";"3072";"";"";"";"3";0.08;1.0;"3087";"6675";"3085";"";"";"";"3";0.08;0.33;"3087";"6675";"";"";"";"";"2";0.05;0.0
"mast";"Darius";"";"";528;10;0;25;0.4;0.0;0.0473;2.35;"8010";"9111";"9105";"8299";"8000";"8010";"9111";"8400";"5002";"5008";"5005";"6";"4";16;0.64;0.38;"32";"4";"6";"0.24";"0.5";"1";"3";"2";12;0.48;0.5;"6029";"1001";"";"";"";"";"";"";11;0.44;0.64;"2051";"1001";"2031";"";"";"";"";"";5;0.2;0.2;"3111";13;0.52;0.38;"3047";10;0.4;0.4;"6631";"4401";"3742";"3053";"";"";"2";0.08;1.0;"6665";"";"";"";"";"";"2";0.08;0.0;"6630";"6333";"";"";"";"";"2";0.08;0.0
"mast";"Gragas";"";"";528;22;0;39;0.5641;0.0;0.0739;3.89;"8128";"8143";"8138";"8106";"8100";"8128";"8143";"8000";"5002";"5008";"5008";"32";"4";25;0.64;0.56;"4";"32";"12";"0.31";"0.58";"1";"3";"2";27;0.69;0.52;"3145";"1001";"2003";"";"";"";"";"";13;0.33;0.46;"3802";"1001";"";"";"";"";"";"";5;0.13;0.6;"3020";25;0.64;0.56;"3158";5;0.13;0.4;"4636";"4645";"3135";"";"";"";"3";0.08;1.0;"4636";"4645";"3089";"";"";"";"3";0.08;0.33;"4636";"4645";"3135";"3065";"";"";"1";0.03;0.0
"mast";"Aphelios";"";"";528;18;0;41;0.439;0.0;0.0777;3.49;"8008";"8009";"9103";"8014";"8000";"8008";"8009";"8100";"5002";"5008";"5005";"6";"4";23;0.56;0.43;"4";"6";"11";"0.27";"0.55";"1";"3";"2";14;0.34;0.5;"6670";"2003";"2003";"";"";"";"";"";19;0.46;0.42;"6670";"";"";"";"";"";"";"";4;0.1;0.0;"3006";32;0.78;0.41;"3111";2;0.05;0.5;"6672";"6671";"";"";"";"";"4";0.1;0.5;"6672";"6671";"3072";"";"";"";"3";0.07;0.0;"6672";"3072";"";"";"";"";"2";0.05;0.5
"mast";"AurelionSol";"";"";528;15;0;33;0.4545;0.0;0.0625;3.43;"8128";"8126";"8138";"8106";"8100";"8128";"8126";"8200";"5002";"5008";"5008";"6";"4";14;0.42;0.57;"4";"6";"6";"0.18";"0.17";"1";"3";"2";22;0.67;0.59;"3802";"1001";"";"";"";"";"";"";7;0.21;0.43;"1026";"3070";"2031";"";"";"";"";"";6;0.18;0.33;"3020";24;0.73;0.58;"3158";3;0.09;0.0;"6653";"3116";"3003";"";"";"";"4";0.12;0.5;"6653";"3116";"";"";"";"";"3";0.09;0.33;"3116";"6653";"3003";"3165";"4637";"";"1";0.03;0.0
"mast";"Gangplank";"";"";528;17;0;46;0.3696;0.0;0.0871;3.83;"8128";"8126";"8138";"8106";"8100";"8128";"8126";"8000";"5002";"5008";"5008";"32";"4";26;0.57;0.42;"4";"32";"11";"0.24";"0.36";"1";"3";"2";35;0.76;0.43;"3057";"1036";"1036";"";"";"";"";"";27;0.59;0.33;"3057";"1018";"2003";"2003";"";"";"";"";6;0.13;0.33;"3158";38;0.83;0.39;"3111";2;0.04;0.0;"3508";"6675";"6676";"";"";"";"5";0.11;0.8;"3508";"6675";"6676";"3036";"";"";"2";0.04;0.5;"6696";"3100";"4636";"3087";"3087";"";"1";0.02;1.0
"mast";"TahmKench";"";"";528;9;0;20;0.45;0.0;0.0379;3.34;"8437";"8401";"8444";"8451";"8400";"8437";"8401";"8000";"5002";"5003";"5005";"32";"4";14;0.7;0.36;"4";"32";"4";"0.2";"0.75";"1";"2";"3";13;0.65;0.54;"1011";"1028";"2003";"2003";"";"";"";"";5;0.25;0.4;"2051";"3070";"2003";"";"";"";"";"";3;0.15;0.33;"3047";8;0.4;0.62;"3111";8;0.4;0.38;"3084";"3068";"3083";"3065";"";"";"1";0.05;1.0;"3084";"8020";"3068";"8001";"";"";"1";0.05;0.0;"6665";"3119";"3075";"";"";"";"1";0.05;0.0
"mast";"Kayle";"";"";528;19;0;28;0.6786;0.0;0.053;4.03;"8008";"9111";"9104";"8014";"8000";"8008";"9111";"8100";"5002";"5008";"5005";"6";"4";13;0.46;0.62;"4";"6";"4";"0.14";"0.75";"3";"1";"2";12;0.43;0.83;"3006";"1042";"";"";"";"";"";"";12;0.43;0.58;"6677";"2031";"";"";"";"";"";"";4;0.14;0.75;"3006";24;0.86;0.67;"3111";2;0.07;0.5;"3124";"3115";"3091";"";"";"";"2";0.07;0.5;"3124";"6672";"3091";"";"";"";"2";0.07;0.5;"3115";"4633";"3091";"";"";"";"2";0.07;1.0
"mast";"Zed";"";"";528;37;0;65;0.5692;0.0;0.1231;3.3;"8112";"8143";"8138";"8106";"8100";"8112";"8143";"8000";"5002";"5008";"5008";"32";"4";43;0.66;0.56;"4";"32";"15";"0.23";"0.53";"1";"3";"2";37;0.57;0.41;"3134";"1001";"";"";"";"";"";"";27;0.42;0.48;"3077";"2031";"";"";"";"";"";"";7;0.11;0.57;"3158";45;0.69;0.44;"3111";10;0.15;0.8;"6691";"3074";"";"";"";"";"4";0.06;0.5;"3074";"6691";"6694";"";"";"";"2";0.03;0.5;"3074";"6691";"";"";"";"";"2";0.03;1.0
"mast";"MissFortune";"";"";528;27;0;62;0.4355;0.0;0.1174;4.07;"8128";"8126";"8138";"8106";"8100";"8128";"8126";"8000";"5002";"5008";"5008";"6";"4";20;0.32;0.4;"7";"4";"12";"0.19";"0.33";"1";"2";"3";20;0.32;0.65;"3802";"1001";"";"";"";"";"";"";21;0.34;0.33;"3134";"1001";"";"";"";"";"";"";14;0.23;0.57;"3020";19;0.31;0.37;"3158";16;0.26;0.5;"6653";"4637";"3135";"";"";"";"3";0.05;0.33;"6653";"4637";"";"";"";"";"3";0.05;1.0;"6653";"4637";"4645";"";"";"";"2";0.03;0.0
"mast";"Jayce";"";"";528;34;0;64;0.5312;0.0;0.1212;4.24;"8128";"8139";"8138";"8135";"8100";"8128";"8139";"8000";"5002";"5008";"5008";"32";"4";34;0.53;0.5;"4";"32";"10";"0.16";"0.3";"1";"2";"3";25;0.39;0.44;"3070";"1036";"1036";"1001";"";"";"";"";20;0.31;0.35;"3177";"3070";"2003";"";"";"";"";"";10;0.16;0.6;"3158";47;0.73;0.53;"3111";6;0.09;0.67;"6691";"3004";"6694";"3161";"";"";"6";0.09;0.83;"6692";"3004";"";"";"";"";"4";0.06;1.0;"6691";"3004";"6694";"";"";"";"3";0.05;0.33
"mast";"Orianna";"";"";528;17;0;32;0.5312;0.0;0.0606;5.09;"8128";"8126";"8138";"8106";"8100";"8128";"8126";"8000";"5002";"5008";"5008";"6";"4";15;0.47;0.47;"4";"6";"8";"0.25";"0.62";"1";"2";"3";22;0.69;0.5;"3802";"1001";"";"";"";"";"";"";17;0.53;0.35;"3802";"";"";"";"";"";"";"";3;0.09;1.0;"3020";27;0.84;0.52;"3158";2;0.06;0.5;"6655";"3003";"4645";"";"";"";"2";0.06;0.0;"6655";"4645";"";"";"";"";"2";0.06;0.5;"6655";"4645";"3003";"3165";"";"";"1";0.03;1.0
"mast";"Garen";"";"";528;15;0;26;0.5769;0.0;0.0492;3.49;"8010";"9111";"9105";"8299";"8000";"8010";"9111";"8400";"5002";"5008";"5008";"32";"4";14;0.54;0.71;"4";"32";"8";"0.31";"0.38";"3";"1";"2";13;0.5;0.62;"2051";"1001";"2031";"";"";"";"";"";5;0.19;0.4;"6029";"1001";"";"";"";"";"";"";3;0.12;1.0;"3111";15;0.58;0.53;"3006";6;0.23;0.67;"6631";"4401";"3065";"";"";"";"2";0.08;0.5;"3068";"6631";"4401";"3071";"";"";"1";0.04;1.0;"6631";"3742";"3071";"";"";"";"1";0.04;0.0
"mast";"Bard";"";"";528;9;0;22;0.4091;0.0;0.0417;4.53;"8128";"8126";"8138";"8135";"8100";"8128";"8126";"8000";"5002";"5008";"5008";"32";"4";11;0.5;0.45;"6";"4";"5";"0.23";"0.6";"1";"2";"3";17;0.77;0.35;"3145";"1001";"2003";"";"";"";"";"";10;0.45;0.3;"3145";"1001";"";"";"";"";"";"";3;0.14;0.33;"3020";15;0.68;0.4;"3006";4;0.18;0.75;"4636";"3094";"3100";"";"";"";"4";0.18;0.5;"4636";"3087";"3094";"";"";"";"2";0.09;0.5;"6655";"3094";"";"";"";"";"1";0.05;1.0
"mast";"Qiyana";"";"";528;8;0;13;0.6154;0.0;0.0246;3.27;"8128";"8143";"8138";"8106";"8100";"8128";"8143";"8000";"5002";"5008";"5008";"32";"4";7;0.54;0.57;"4";"32";"4";"0.31";"0.5";"1";"2";"3";5;0.38;0.4;"3134";"1001";"";"";"";"";"";"";6;0.46;0.67;"3177";"3070";"2003";"";"";"";"";"";3;0.23;0.0;"3158";10;0.77;0.6;"3111";3;0.23;0.67;"6692";"3004";"6694";"";"";"";"1";0.08;1.0;"6691";"6696";"6676";"";"";"";"1";0.08;0.0;"6692";"6694";"3814";"3071";"";"";"1";0.08;0.0
"mast";"Diana";"";"";528;13;0;23;0.5652;0.0;0.0436;3.35;"8128";"8143";"8138";"8106";"8100";"8128";"8143";"8000";"5002";"5008";"5008";"32";"4";19;0.83;0.53;"4";"32";"4";"0.17";"0.75";"1";"2";"3";15;0.65;0.6;"3145";"1001";"2003";"";"";"";"";"";10;0.43;0.5;"3145";"1001";"";"";"";"";"";"";3;0.13;0.67;"3020";19;0.83;0.63;"3111";4;0.17;0.25;"3152";"3157";"4645";"";"";"";"3";0.13;0.33;"6665";"8020";"";"";"";"";"2";0.09;0.5;"4636";"4645";"";"";"";"";"2";0.09;0.5
"mast";"Rumble";"";"";528;26;0;42;0.619;0.0;0.0795;3.55;"8128";"8126";"8138";"8106";"8100";"8128";"8126";"8200";"5002";"5008";"5008";"32";"4";24;0.57;0.58;"4";"32";"11";"0.26";"0.73";"1";"3";"2";26;0.62;0.54;"3145";"1001";"2003";"";"";"";"";"";21;0.5;0.57;"3145";"1001";"";"";"";"";"";"";11;0.26;0.64;"3020";37;0.88;0.59;"3047";1;0.02;1.0;"4636";"4645";"";"";"";"";"6";0.14;0.5;"4636";"4645";"3135";"";"";"";"2";0.05;1.0;"4636";"";"";"";"";"";"2";0.05;1.0
"mast";"Shen";"";"";528;7;0;20;0.35;0.0;0.0379;3.88;"8437";"8401";"8429";"8451";"8400";"8437";"8401";"8000";"5002";"5008";"5005";"32";"4";14;0.7;0.43;"4";"32";"5";"0.25";"0.2";"1";"3";"2";12;0.6;0.42;"2051";"1028";"2003";"";"";"";"";"";4;0.2;0.25;"1011";"1028";"";"";"";"";"";"";3;0.15;0.33;"3111";12;0.6;0.42;"3047";6;0.3;0.33;"3084";"3083";"3075";"";"";"";"2";0.1;0.0;"3084";"";"";"";"";"";"1";0.05;0.0;"6665";"4401";"3068";"";"";"";"1";0.05;1.0
"mast";"Renata";"";"";528;7;0;13;0.5385;0.0;0.0246;6.44;"8214";"8226";"8210";"8236";"8200";"8214";"8226";"8100";"5002";"5008";"5007";"3";"4";11;0.85;0.45;"4";"3";"2";"0.15";"1";"3";"2";"1";9;0.69;0.33;"4642";"3070";"2003";"";"";"";"";"";7;0.54;0.71;"3070";"4642";"2003";"";"";"";"";"";3;0.23;0.33;"3158";8;0.62;0.5;"3111";3;0.23;0.67;"3222";"3011";"3504";"3107";"";"";"1";0.08;0.0;"2065";"6620";"3083";"3119";"3161";"";"1";0.08;1.0;"6620";"";"";"";"";"";"1";0.08;1.0
"mast";"Briar";"";"";528;19;0;33;0.5758;0.0;0.0625;2.78;"8010";"9111";"9105";"8299";"8000";"8010";"9111";"8400";"5002";"5008";"5008";"32";"4";16;0.48;0.62;"4";"32";"9";"0.27";"0.56";"2";"1";"3";20;0.61;0.55;"6029";"1001";"";"";"";"";"";"";10;0.3;0.6;"3044";"1001";"";"";"";"";"";"";6;0.18;0.83;"3111";19;0.58;0.53;"3047";13;0.39;0.69;"6631";"3071";"3053";"";"";"";"2";0.06;1.0;"6630";"";"";"";"";"";"2";0.06;0.5;"6630";"6333";"3065";"";"";"";"2";0.06;0.5
"mast";"Rell";"";"";528;6;0;8;0.75;0.0;0.0152;4.67;"8439";"8463";"8429";"8451";"8400";"8439";"8463";"8000";"5003";"5002";"5007";"32";"4";4;0.5;0.5;"4";"32";"4";"0.5";"1";"2";"1";"3";3;0.38;0.67;"2051";"3070";"2003";"";"";"";"";"";2;0.25;1.0;"3105";"2031";"";"";"";"";"";"";1;0.12;1.0;"3111";4;0.5;0.75;"3047";3;0.38;0.67;"6665";"3068";"";"";"";"";"2";0.25;0.5;"3084";"3193";"";"";"";"";"1";0.12;1.0;"3001";"3068";"";"";"";"";"1";0.12;0.0
"mast";"Thresh";"";"";528;30;0;57;0.5263;0.0;0.108;4.18;"8439";"8463";"8473";"8451";"8400";"8439";"8463";"8000";"5001";"5002";"5007";"32";"4";40;0.7;0.42;"4";"32";"9";"0.16";"0.67";"1";"3";"2";25;0.44;0.52;"2051";"3070";"2003";"";"";"";"";"";21;0.37;0.71;"3105";"2031";"";"";"";"";"";"";7;0.12;0.14;"3111";36;0.63;0.53;"3047";8;0.14;0.62;"6665";"";"";"";"";"";"6";0.11;0.67;"6665";"3119";"";"";"";"";"4";0.07;0.75;"6665";"3083";"";"";"";"";"3";0.05;0.33
"mast";"Ivern";"";"";528;17;0;24;0.7083;0.0;0.0455;6.65;"8214";"8226";"8210";"8236";"8200";"8214";"8226";"8400";"5002";"5008";"5007";"3";"4";16;0.67;0.81;"4";"3";"4";"0.17";"0.5";"3";"1";"2";17;0.71;0.82;"4642";"3070";"2003";"";"";"";"";"";9;0.38;0.89;"4642";"1004";"2031";"";"";"";"";"";3;0.12;1.0;"3158";17;0.71;0.76;"3020";2;0.08;0.0;"6617";"3003";"3107";"";"";"";"2";0.08;1.0;"6617";"3504";"6616";"3107";"3011";"3190";"1";0.04;1.0;"2065";"3107";"3504";"6616";"3222";"";"1";0.04;1.0
"mast";"Kaisa";"";"";528;40;0;78;0.5128;0.0;0.1477;4.28;"8128";"8139";"8138";"8135";"8100";"8128";"8139";"8000";"5002";"5008";"5008";"6";"4";30;0.38;0.47;"7";"4";"12";"0.15";"0.42";"2";"1";"3";37;0.47;0.51;"1026";"3070";"2031";"";"";"";"";"";15;0.19;0.8;"3802";"1001";"";"";"";"";"";"";13;0.17;0.38;"3006";34;0.44;0.38;"3020";33;0.42;0.64;"6655";"3004";"3115";"";"";"";"7";0.09;0.57;"6655";"3004";"";"";"";"";"3";0.04;1.0;"6655";"";"";"";"";"";"2";0.03;0.5
"mast";"Illaoi";"";"";528;7;0;21;0.3333;0.0;0.0398;2.43;"8010";"8009";"9105";"8299";"8000";"8010";"8009";"8400";"5002";"5008";"5008";"32";"4";15;0.71;0.4;"4";"32";"5";"0.24";"0.2";"3";"1";"2";12;0.57;0.5;"3133";"1001";"";"";"";"";"";"";8;0.38;0.25;"2051";"3070";"2003";"";"";"";"";"";4;0.19;0.25;"3111";16;0.76;0.44;"3047";5;0.24;0.0;"6632";"3071";"3053";"6333";"";"";"2";0.1;0.5;"3071";"6662";"";"";"";"";"2";0.1;1.0;"6632";"3161";"6333";"3053";"3071";"";"1";0.05;0.0
"mast";"Jax";"";"";528;13;0;27;0.4815;0.0;0.0511;2.55;"8008";"9111";"9105";"8299";"8000";"8008";"9111";"8400";"5002";"5008";"5005";"32";"4";18;0.67;0.56;"4";"32";"7";"0.26";"0.43";"2";"1";"3";15;0.56;0.47;"3057";"1036";"1036";"";"";"";"";"";9;0.33;0.67;"3057";"1036";"1001";"2003";"";"";"";"";8;0.3;0.38;"3111";18;0.67;0.44;"3047";8;0.3;0.62;"6632";"3161";"";"";"";"";"3";0.11;0.33;"6632";"";"";"";"";"";"2";0.07;1.0;"3084";"3083";"3068";"3748";"";"";"1";0.04;0.0
"mast";"MasterYi";"";"";528;19;0;30;0.6333;0.0;0.0568;2.82;"8008";"9111";"9104";"8014";"8000";"8008";"9111";"8100";"5002";"5008";"5005";"32";"4";21;0.7;0.62;"4";"32";"5";"0.17";"0.8";"1";"3";"2";17;0.57;0.82;"3134";"1001";"";"";"";"";"";"";13;0.43;0.54;"3057";"1036";"1036";"";"";"";"";"";2;0.07;0.0;"3006";19;0.63;0.68;"3047";3;0.1;0.67;"6691";"6676";"3153";"";"";"";"3";0.1;0.33;"3153";"3124";"6672";"";"";"";"2";0.07;0.5;"6691";"6676";"";"";"";"";"2";0.07;0.0
"mast";"Vi";"";"";528;8;0;16;0.5;0.0;0.0303;2.26;"9923";"8143";"8138";"8135";"8100";"9923";"8143";"8000";"5002";"5008";"5005";"32";"4";13;0.81;0.38;"4";"32";"3";"0.19";"1";"1";"3";"2";7;0.44;0.71;"3134";"1001";"";"";"";"";"";"";9;0.56;0.44;"3057";"1036";"1036";"";"";"";"";"";1;0.06;0.0;"3111";8;0.5;0.38;"3047";5;0.31;0.8;"6691";"6696";"";"";"";"";"1";0.06;0.0;"6691";"3508";"";"";"";"";"1";0.06;0.0;"3508";"6691";"6696";"";"";"";"1";0.06;0.0
"mast";"Katarina";"";"";528;14;0;39;0.359;0.0;0.0739;2.83;"8010";"9111";"9105";"8014";"8000";"8010";"9111";"8100";"5002";"5008";"5008";"32";"4";22;0.56;0.27;"4";"32";"13";"0.33";"0.54";"1";"3";"2";25;0.64;0.44;"1026";"1052";"2003";"2003";"";"";"";"";8;0.21;0.25;"1026";"1052";"";"";"";"";"";"";7;0.18;0.29;"3020";31;0.79;0.29;"3111";6;0.15;0.67;"3115";"3152";"4645";"";"";"";"6";0.15;0.0;"3115";"3152";"";"";"";"";"2";0.05;0.0;"6632";"3153";"3748";"";"";"";"2";0.05;0.5
"mast";"Blitzcrank";"";"";528;30;0;61;0.4918;0.0;0.1155;3.39;"8128";"8126";"8138";"8106";"8100";"8128";"8126";"8000";"5002";"5008";"5008";"32";"4";41;0.67;0.46;"4";"32";"12";"0.2";"0.58";"1";"3";"2";31;0.51;0.55;"3802";"1001";"";"";"";"";"";"";25;0.41;0.4;"2051";"3070";"2003";"";"";"";"";"";8;0.13;0.25;"3158";25;0.41;0.4;"3111";18;0.3;0.56;"6656";"";"";"";"";"";"3";0.05;0.0;"3001";"3119";"3075";"";"";"";"2";0.03;0.5;"3001";"3083";"3075";"";"";"";"2";0.03;1.0
"mast";"Talon";"";"";528;10;0;23;0.4348;0.0;0.0436;3.31;"8128";"8143";"8138";"8106";"8100";"8010";"9111";"8100";"5002";"5008";"5008";"32";"4";17;0.74;0.47;"4";"32";"5";"0.22";"0.2";"2";"1";"3";17;0.74;0.53;"3134";"1001";"";"";"";"";"";"";8;0.35;0.25;"3177";"3070";"";"";"";"";"";"";2;0.09;0.5;"3158";10;0.43;0.3;"3111";9;0.39;0.67;"6691";"6696";"6693";"";"";"";"2";0.09;1.0;"6691";"3004";"3074";"3156";"";"";"1";0.04;1.0;"6691";"6676";"";"";"";"";"1";0.04;0.0
"mast";"Khazix";"";"";528;33;0;53;0.6226;0.0;0.1004;3.43;"8128";"8143";"8138";"8135";"8100";"8128";"8143";"8000";"5002";"5008";"5008";"32";"4";38;0.72;0.58;"4";"32";"9";"0.17";"0.78";"2";"1";"3";38;0.72;0.63;"3070";"1036";"1036";"1001";"";"";"";"";31;0.58;0.65;"3177";"3070";"2003";"";"";"";"";"";4;0.08;0.5;"3158";38;0.72;0.61;"3111";6;0.11;0.67;"6691";"3004";"6694";"";"";"";"7";0.13;0.71;"6691";"3004";"";"";"";"";"3";0.06;0.33;"6691";"3004";"6694";"3074";"3814";"";"2";0.04;1.0
"mast";"Kassadin";"";"";528;7;0;16;0.4375;0.0;0.0303;2.94;"8128";"8143";"8138";"8135";"8100";"8128";"8143";"8000";"5002";"5008";"5008";"32";"4";11;0.69;0.36;"4";"32";"2";"0.12";"1";"1";"3";"2";5;0.31;0.4;"3803";"2003";"2003";"";"";"";"";"";3;0.19;0.33;"1026";"3070";"2031";"";"";"";"";"";3;0.19;0.33;"3020";11;0.69;0.55;"3111";3;0.19;0.33;"6657";"3003";"";"";"";"";"2";0.12;0.5;"6657";"3003";"3089";"";"";"";"1";0.06;0.0;"6657";"3003";"3157";"3110";"";"";"1";0.06;0.0
"mast";"Corki";"";"";528;12;0;29;0.4138;0.0;0.0549;3.75;"8128";"8139";"8138";"8135";"8100";"8128";"8139";"8000";"5002";"5008";"5005";"32";"4";15;0.52;0.4;"6";"4";"3";"0.1";"0.67";"1";"3";"2";21;0.72;0.48;"1026";"3070";"2031";"";"";"";"";"";7;0.24;0.43;"3177";"3070";"2003";"";"";"";"";"";4;0.14;0.25;"3020";24;0.83;0.5;"3111";1;0.03;0.0;"6655";"3004";"4645";"";"";"";"3";0.1;0.67;"6655";"3004";"3074";"";"";"";"2";0.07;0.0;"3087";"3004";"6655";"3074";"4645";"";"2";0.07;0.0
"mast";"Brand";"";"";528;20;0;37;0.5405;0.0;0.0701;3.35;"8128";"8126";"8138";"8106";"8100";"8128";"8126";"8000";"5002";"5008";"5008";"32";"4";12;0.32;0.58;"3";"4";"6";"0.16";"0.5";"2";"3";"1";16;0.43;0.56;"3802";"1001";"";"";"";"";"";"";27;0.73;0.59;"3802";"";"";"";"";"";"";"";2;0.05;0.0;"3020";30;0.81;0.57;"3158";4;0.11;0.75;"6653";"4637";"3135";"";"";"";"3";0.08;0.67;"6653";"4637";"3116";"";"";"";"3";0.08;0.67;"6653";"4637";"";"";"";"";"2";0.05;1.0
"mast";"Sylas";"";"";528;29;0;53;0.5472;0.0;0.1004;2.89;"8128";"8143";"8138";"8106";"8100";"8128";"8143";"8000";"5002";"5008";"5008";"32";"4";41;0.77;0.63;"4";"32";"11";"0.21";"0.27";"2";"3";"1";20;0.38;0.7;"3145";"1001";"2003";"";"";"";"";"";16;0.3;0.56;"3802";"1001";"";"";"";"";"";"";13;0.25;0.62;"3020";33;0.62;0.61;"3111";10;0.19;0.3;"4636";"4645";"";"";"";"";"5";0.09;0.8;"4636";"4645";"3089";"";"";"";"4";0.08;0.5;"4636";"4645";"3157";"3089";"";"";"3";0.06;0.67
"mast";"Jinx";"";"";528;28;0;59;0.4746;0.0;0.1117;3.72;"8008";"8009";"9103";"8014";"8000";"8008";"8009";"8100";"5002";"5008";"5005";"6";"4";22;0.37;0.55;"1";"4";"11";"0.19";"0.45";"1";"2";"3";34;0.58;0.53;"6670";"2003";"2003";"";"";"";"";"";23;0.39;0.39;"6670";"";"";"";"";"";"";"";12;0.2;0.58;"3006";43;0.73;0.44;"3158";8;0.14;0.62;"6672";"6671";"3094";"";"";"";"4";0.07;0.25;"6672";"3031";"3094";"";"";"";"4";0.07;0.25;"6691";"3004";"6696";"";"";"";"3";0.05;0.67
"mast";"Tristana";"";"";528;24;0;45;0.5333;0.0;0.0852;3.1;"8008";"9111";"9104";"8014";"8000";"8008";"9111";"8100";"5002";"5008";"5005";"1";"4";16;0.36;0.5;"4";"1";"8";"0.18";"0.75";"3";"1";"2";22;0.49;0.55;"6670";"2003";"2003";"";"";"";"";"";15;0.33;0.67;"6670";"";"";"";"";"";"";"";11;0.24;0.45;"3006";39;0.87;0.54;"3111";3;0.07;0.33;"6672";"6675";"3072";"3036";"";"";"5";0.11;0.6;"6672";"6675";"";"";"";"";"5";0.11;0.4;"6672";"6675";"3072";"";"";"";"3";0.07;0.33
"mast";"Samira";"";"";528;17;0;37;0.4595;0.0;0.0701;3.05;"8010";"9111";"9103";"8014";"8000";"8010";"9111";"8100";"5002";"5008";"5005";"32";"4";20;0.54;0.35;"4";"32";"8";"0.22";"0.62";"1";"3";"2";25;0.68;0.44;"3134";"1001";"";"";"";"";"";"";24;0.65;0.42;"3184";"1036";"";"";"";"";"";"";2;0.05;0.5;"3111";16;0.43;0.31;"3047";12;0.32;0.5;"6691";"6676";"6673";"";"";"";"3";0.08;0.67;"6691";"6676";"6673";"3072";"";"";"2";0.05;0.5;"6691";"6676";"6673";"3072";"3036";"";"2";0.05;0.0
"mast";"Teemo";"";"";528;17;0;41;0.4146;0.0;0.0777;3.18;"8128";"8126";"8138";"8106";"8100";"8128";"8126";"8000";"5002";"5008";"5008";"14";"4";15;0.37;0.4;"4";"14";"6";"0.15";"0";"1";"3";"2";28;0.68;0.43;"3802";"1001";"";"";"";"";"";"";29;0.71;0.34;"3802";"2031";"";"";"";"";"";"";2;0.05;1.0;"3020";32;0.78;0.41;"3158";3;0.07;0.67;"6653";"4637";"";"";"";"";"4";0.1;0.75;"6653";"4637";"3165";"";"";"";"3";0.07;0.0;"6653";"4629";"4637";"";"";"";"2";0.05;0.0
"mast";"Evelynn";"";"";528;5;0;9;0.5556;0.0;0.017;3.8;"8128";"8143";"8138";"8106";"8100";"8128";"8143";"8000";"5002";"5008";"5008";"32";"4";5;0.56;0.4;"4";"32";"3";"0.33";"0.67";"1";"3";"2";8;0.89;0.62;"3145";"1001";"2003";"";"";"";"";"";5;0.56;0.4;"3145";"2031";"";"";"";"";"";"";1;0.11;1.0;"3020";8;0.89;0.62;"3158";1;0.11;0.0;"4636";"3089";"3100";"";"";"";"1";0.11;1.0;"3152";"4645";"3100";"";"";"";"1";0.11;0.0;"4636";"4629";"3157";"";"";"";"1";0.11;0.0
"mast";"Rengar";"";"";528;12;0;22;0.5455;0.0;0.0417;2.48;"8128";"8143";"8138";"8135";"8100";"8128";"8143";"8000";"5002";"5008";"5008";"32";"4";16;0.73;0.5;"4";"32";"2";"0.09";"0.5";"1";"2";"3";14;0.64;0.64;"3134";"1001";"";"";"";"";"";"";7;0.32;0.29;"6029";"1001";"";"";"";"";"";"";3;0.14;1.0;"3111";12;0.55;0.67;"3158";4;0.18;0.25;"3084";"3508";"3748";"";"";"";"3";0.14;1.0;"6691";"6693";"3508";"";"";"";"1";0.05;1.0;"6630";"3074";"3071";"";"";"";"1";0.05;1.0
"mast";"Gwen";"";"";528;10;0;23;0.4348;0.0;0.0436;3.26;"8010";"9111";"9104";"8014";"8000";"8010";"9111";"8100";"5002";"5008";"5005";"32";"4";11;0.48;0.55;"4";"32";"6";"0.26";"0.17";"1";"3";"2";11;0.48;0.64;"4635";"2003";"2003";"";"";"";"";"";12;0.52;0.58;"4635";"";"";"";"";"";"";"";5;0.22;0.2;"3111";18;0.78;0.44;"3020";3;0.13;0.67;"4633";"3115";"";"";"";"";"4";0.17;0.0;"4633";"3115";"4629";"";"";"";"4";0.17;0.75;"3115";"4633";"4629";"";"";"";"2";0.09;0.5
"mast";"KSante";"";"";528;16;0;36;0.4444;0.0;0.0682;3.39;"8437";"8446";"8429";"8451";"8400";"8437";"8446";"8000";"5002";"5002";"5005";"32";"4";19;0.53;0.53;"6";"4";"7";"0.19";"0.43";"1";"2";"3";19;0.53;0.47;"3105";"2031";"";"";"";"";"";"";8;0.22;0.38;"3105";"";"";"";"";"";"";"";3;0.08;0.33;"3111";23;0.64;0.43;"3047";12;0.33;0.42;"6665";"3068";"3193";"";"";"";"3";0.08;0.0;"6665";"3083";"";"";"";"";"2";0.06;1.0;"6662";"3193";"";"";"";"";"2";0.06;0.0
"mast";"Zilean";"";"";528;5;0;14;0.3571;0.0;0.0265;5.44;"8128";"8126";"8138";"8106";"8100";"8128";"8126";"8000";"5002";"5008";"5008";"3";"4";7;0.5;0.29;"6";"4";"2";"0.14";"0.5";"1";"2";"3";7;0.5;0.29;"3802";"1001";"";"";"";"";"";"";3;0.21;0.0;"3105";"";"";"";"";"";"";"";1;0.07;0.0;"3158";9;0.64;0.56;"3020";4;0.29;0.0;"6653";"3165";"4637";"";"";"";"1";0.07;0.0;"2065";"3083";"3003";"";"";"";"1";0.07;1.0;"6655";"3089";"";"";"";"";"1";0.07;0.0
"mast";"Draven";"";"";528;13;0;29;0.4483;0.0;0.0549;3.78;"8008";"8009";"9103";"8014";"8000";"8008";"8009";"8100";"5002";"5008";"5005";"1";"4";14;0.48;0.36;"4";"6";"6";"0.21";"0.33";"1";"2";"3";23;0.79;0.39;"3134";"1001";"";"";"";"";"";"";10;0.34;0.2;"3057";"1036";"1036";"";"";"";"";"";8;0.28;0.75;"3006";14;0.48;0.43;"3111";6;0.21;0.5;"3508";"3031";"3072";"";"";"";"3";0.1;1.0;"3508";"3031";"";"";"";"";"2";0.07;1.0;"3508";"6691";"6673";"3156";"3072";"3072";"1";0.03;0.0
"mast";"Warwick";"";"";528;6;0;10;0.6;0.0;0.0189;2.88;"8008";"8009";"9104";"8299";"8000";"8008";"8009";"8400";"5002";"5008";"5005";"32";"4";8;0.8;0.5;"4";"32";"1";"0.1";"1";"1";"3";"2";4;0.4;0.75;"3057";"1028";"1001";"";"";"";"";"";6;0.6;0.67;"2051";"3070";"2003";"";"";"";"";"";1;0.1;0.0;"3111";6;0.6;0.5;"3047";3;0.3;0.67;"6632";"3065";"";"";"";"";"2";0.2;0.0;"6632";"3153";"3110";"3065";"";"";"1";0.1;1.0;"6665";"3153";"";"";"";"";"1";0.1;1.0
"mast";"Lillia";"";"";528;10;0;29;0.3448;0.0;0.0549;2.89;"8128";"8126";"8138";"8135";"8100";"8128";"8126";"8200";"5002";"5008";"5008";"32";"4";13;0.45;0.54;"4";"32";"7";"0.24";"0.14";"1";"3";"2";17;0.59;0.47;"3802";"1001";"";"";"";"";"";"";14;0.48;0.29;"3802";"2031";"";"";"";"";"";"";4;0.14;0.25;"3020";19;0.66;0.37;"3158";5;0.17;0.6;"6653";"4637";"3116";"4629";"";"";"2";0.07;1.0;"6653";"";"";"";"";"";"2";0.07;0.0;"6653";"4637";"3157";"";"";"";"2";0.07;1.0
"mast";"Zac";"";"";528;10;0;27;0.3704;0.0;0.0511;3.29;"8010";"9111";"9105";"8299";"8000";"8439";"8463";"8000";"5001";"5002";"5007";"32";"4";23;0.85;0.39;"4";"32";"2";"0.07";"0";"3";"2";"1";15;0.56;0.53;"3105";"2031";"";"";"";"";"";"";5;0.19;0.4;"2051";"1028";"2003";"";"";"";"";"";5;0.19;0.4;"3111";17;0.63;0.41;"3047";7;0.26;0.29;"6665";"3068";"";"";"";"";"3";0.11;0.33;"6665";"3068";"3075";"";"";"";"2";0.07;0.5;"6665";"3068";"3083";"";"";"";"1";0.04;1.0
"mast";"Trundle";"";"";528;6;0;14;0.4286;0.0;0.0265;4.52;"8008";"9111";"9104";"8299";"8000";"8008";"9111";"8400";"5002";"5008";"5005";"32";"4";9;0.64;0.56;"4";"32";"2";"0.14";"0.5";"3";"2";"1";4;0.29;0.75;"3070";"4642";"";"";"";"";"";"";3;0.21;0.67;"3057";"1036";"1001";"2003";"";"";"";"";2;0.14;0.0;"3111";9;0.64;0.33;"3158";4;0.29;0.75;"6632";"3075";"3065";"";"";"";"2";0.14;0.5;"4005";"3001";"";"";"";"";"1";0.07;0.0;"6632";"3075";"";"";"";"";"1";0.07;1.0
"mast";"Jhin";"";"";528;41;0;69;0.5942;0.0;0.1307;4.99;"8128";"8139";"8138";"8135";"8100";"8128";"8139";"8000";"5002";"5008";"5008";"6";"4";43;0.62;0.65;"4";"6";"16";"0.23";"0.38";"1";"2";"3";47;0.68;0.64;"3134";"1001";"";"";"";"";"";"";31;0.45;0.58;"6670";"2003";"2003";"";"";"";"";"";7;0.1;0.57;"3009";43;0.62;0.63;"3006";7;0.1;0.29;"6691";"6696";"";"";"";"";"5";0.07;0.4;"6691";"6696";"6676";"";"";"";"3";0.04;0.67;"6691";"6696";"6676";"3036";"";"";"2";0.03;0.5
"mast";"Udyr";"";"";528;13;0;23;0.5652;0.0;0.0436;2.84;"8010";"9111";"9105";"8299";"8000";"8010";"9111";"8400";"5002";"5008";"5005";"32";"4";14;0.61;0.64;"4";"32";"4";"0.17";"0.25";"2";"3";"1";15;0.65;0.73;"3802";"1001";"";"";"";"";"";"";8;0.35;0.38;"2051";"3070";"2003";"";"";"";"";"";4;0.17;0.75;"3111";11;0.48;0.64;"3020";8;0.35;0.62;"6665";"4637";"3119";"";"";"";"2";0.09;1.0;"6653";"4637";"3116";"3089";"";"";"1";0.04;0.0;"6653";"4637";"4637";"3116";"4637";"4645";"1";0.04;1.0
"mast";"Kindred";"";"";528;10;0;17;0.5882;0.0;0.0322;3.04;"8008";"9111";"9104";"8014";"8000";"8008";"9111";"8100";"5002";"5008";"5005";"6";"4";7;0.41;0.71;"1";"4";"5";"0.29";"0.2";"1";"2";"3";9;0.53;0.67;"6670";"2003";"2003";"";"";"";"";"";7;0.41;0.71;"6670";"";"";"";"";"";"";"";5;0.29;0.6;"3006";11;0.65;0.64;"3111";5;0.29;0.6;"6672";"3078";"3091";"3156";"";"";"2";0.12;1.0;"6672";"6676";"";"";"";"";"1";0.06;1.0;"6675";"3087";"6672";"3036";"";"";"1";0.06;0.0
"mast";"Ornn";"";"";528;7;0;16;0.4375;0.0;0.0303;2.91;"8439";"8463";"8429";"8451";"8400";"8439";"8463";"8000";"5003";"5002";"5007";"32";"4";13;0.81;0.54;"4";"32";"3";"0.19";"0";"1";"2";"3";5;0.31;0.6;"2051";"3070";"2003";"";"";"";"";"";3;0.19;0.67;"3105";"2031";"";"";"";"";"";"";2;0.12;0.5;"3111";12;0.75;0.58;"3047";2;0.12;0.0;"6665";"";"";"";"";"";"2";0.12;0.0;"6665";"3083";"";"";"";"";"2";0.12;0.0;"3119";"6665";"8020";"3068";"3083";"";"1";0.06;0.0
"mast";"Ashe";"";"";528;27;0;54;0.5;0.0;0.1023;3.99;"8008";"8009";"9103";"8014";"8000";"8008";"8009";"8300";"5002";"5008";"5005";"6";"4";30;0.56;0.47;"4";"6";"13";"0.24";"0.46";"2";"1";"3";32;0.59;0.56;"6670";"2003";"2003";"";"";"";"";"";11;0.2;0.36;"6670";"";"";"";"";"";"";"";8;0.15;0.62;"3158";26;0.48;0.58;"3006";23;0.43;0.52;"6672";"3078";"";"";"";"";"4";0.07;0.5;"6672";"3124";"3091";"";"";"";"2";0.04;0.0;"6672";"3078";"3036";"";"";"";"2";0.04;0.0
"mast";"Zyra";"";"";528;14;0;19;0.7368;0.0;0.036;4.47;"8128";"8126";"8138";"8106";"8100";"8128";"8126";"8000";"5002";"5008";"5008";"3";"4";12;0.63;0.83;"4";"32";"2";"0.11";"0.5";"1";"3";"2";8;0.42;0.75;"3802";"1001";"";"";"";"";"";"";15;0.79;0.8;"3802";"";"";"";"";"";"";"";1;0.05;1.0;"3020";17;0.89;0.71;"";1;0.05;0.0;"6653";"3116";"";"";"";"";"2";0.11;0.5;"6653";"3165";"";"";"";"";"2";0.11;1.0;"6653";"3116";"3165";"";"";"";"2";0.11;1.0
"mast";"Rakan";"";"";528;9;0;19;0.4737;0.0;0.036;5.31;"8465";"8463";"8473";"8242";"8400";"8465";"8463";"8100";"5002";"5008";"5008";"32";"4";14;0.74;0.36;"6";"4";"2";"0.11";"0.5";"2";"3";"1";10;0.53;0.4;"2051";"3070";"2003";"";"";"";"";"";5;0.26;0.6;"3105";"2031";"";"";"";"";"";"";2;0.11;0.5;"3111";9;0.47;0.44;"3047";5;0.26;0.6;"6667";"3119";"";"";"";"";"2";0.11;0.5;"6667";"3119";"4401";"";"";"";"1";0.05;0.0;"2065";"3742";"3075";"4401";"";"";"1";0.05;0.0
"mast";"Nasus";"";"";528;8;0;15;0.5333;0.0;0.0284;3.94;"8128";"8139";"8138";"8135";"8100";"8128";"8139";"8000";"5002";"5008";"5008";"32";"4";6;0.4;0.5;"6";"4";"3";"0.2";"0.33";"3";"1";"2";5;0.33;0.6;"3802";"1001";"";"";"";"";"";"";6;0.4;0.5;"2051";"1001";"";"";"";"";"";"";1;0.07;0.0;"3111";9;0.6;0.56;"3020";4;0.27;0.25;"6653";"4637";"3165";"3089";"3116";"";"1";0.07;0.0;"6653";"3110";"3075";"3065";"";"";"1";0.07;0.0;"6653";"3165";"3116";"4637";"";"";"1";0.07;1.0
"mast";"Zoe";"";"";528;26;0;41;0.6341;0.0;0.0777;4.58;"8128";"8139";"8138";"8135";"8100";"8128";"8139";"8000";"5002";"5008";"5008";"32";"4";26;0.63;0.58;"14";"4";"6";"0.15";"0.67";"1";"3";"2";26;0.63;0.58;"3802";"1001";"";"";"";"";"";"";31;0.76;0.61;"3802";"2031";"";"";"";"";"";"";5;0.12;0.6;"3020";39;0.95;0.64;"";1;0.02;0.0;"6655";"4645";"";"";"";"";"10";0.24;0.6;"6655";"4628";"3089";"3135";"";"";"3";0.07;0.33;"6655";"4645";"4628";"";"";"";"2";0.05;0.5
"mast";"Poppy";"";"";528;8;0;19;0.4211;0.0;0.036;3.33;"8437";"8401";"8429";"8451";"8400";"8437";"8401";"8000";"5002";"5008";"5008";"32";"4";13;0.68;0.38;"4";"32";"6";"0.32";"0.5";"1";"3";"2";10;0.53;0.5;"2051";"3070";"2003";"";"";"";"";"";8;0.42;0.38;"3105";"";"";"";"";"";"";"";3;0.16;0.67;"3111";12;0.63;0.33;"3047";7;0.37;0.57;"6665";"3083";"3119";"3075";"";"";"1";0.05;0.0;"6665";"3075";"3193";"";"";"";"1";0.05;0.0;"6665";"4401";"3068";"";"";"";"1";0.05;1.0
"mast";"Vex";"";"";528;13;0;27;0.4815;0.0;0.0511;3.37;"8128";"8126";"8138";"8106";"8100";"8128";"8126";"8000";"5002";"5008";"5008";"32";"4";20;0.74;0.5;"4";"32";"4";"0.15";"0.75";"1";"2";"3";20;0.74;0.5;"3802";"1001";"";"";"";"";"";"";23;0.85;0.48;"3802";"2031";"";"";"";"";"";"";2;0.07;0.5;"3020";24;0.89;0.54;"";1;0.04;0.0;"6655";"4645";"";"";"";"";"3";0.11;1.0;"6655";"4645";"3157";"";"";"";"3";0.11;0.33;"6655";"3157";"";"";"";"";"2";0.07;1.0
"mast";"JarvanIV";"";"";528;13;0;36;0.3611;0.0;0.0682;3.49;"8010";"9111";"9104";"8014";"8000";"8010";"9111";"8100";"5002";"5008";"5005";"32";"4";33;0.92;0.33;"4";"32";"3";"0.08";"0.67";"1";"3";"2";20;0.56;0.35;"3134";"1001";"";"";"";"";"";"";13;0.36;0.46;"6029";"1001";"";"";"";"";"";"";8;0.22;0.25;"3111";13;0.36;0.38;"3047";10;0.28;0.3;"6691";"6696";"3814";"";"";"";"2";0.06;0.0;"6691";"6696";"6676";"";"";"";"2";0.06;0.5;"6691";"6696";"6693";"3814";"";"";"1";0.03;0.0
"mast";"Fizz";"";"";528;16;0;37;0.4324;0.0;0.0701;2.8;"8128";"8143";"8138";"8106";"8100";"8128";"8143";"8000";"5002";"5008";"5008";"32";"4";27;0.73;0.52;"4";"32";"9";"0.24";"0.22";"3";"2";"1";18;0.49;0.44;"3145";"1001";"2003";"";"";"";"";"";10;0.27;0.5;"3145";"1001";"";"";"";"";"";"";4;0.11;0.25;"3020";18;0.49;0.44;"3111";7;0.19;0.14;"4636";"4645";"3100";"";"";"";"2";0.05;0.0;"6655";"4645";"3102";"3100";"";"";"1";0.03;0.0;"4636";"";"";"";"";"";"1";0.03;0.0
"mast";"Janna";"";"";528;14;0;31;0.4516;0.0;0.0587;6.05;"8351";"8304";"8321";"8347";"8300";"8351";"8304";"8000";"5002";"5008";"5008";"3";"4";12;0.39;0.5;"4";"3";"9";"0.29";"0.44";"1";"3";"2";15;0.48;0.6;"4642";"3070";"2003";"";"";"";"";"";8;0.26;0.5;"3802";"";"";"";"";"";"";"";4;0.13;0.25;"3158";21;0.68;0.48;"3020";7;0.23;0.29;"6653";"4628";"3089";"";"";"";"1";0.03;1.0;"6617";"3011";"";"";"";"";"1";0.03;0.0;"6657";"6616";"";"";"";"";"1";0.03;1.0
"mast";"Syndra";"";"";528;15;0;41;0.3659;0.0;0.0777;3.24;"8128";"8126";"8138";"8106";"8100";"8128";"8126";"8000";"5002";"5008";"5008";"6";"4";27;0.66;0.41;"4";"6";"3";"0.07";"0.33";"1";"3";"2";25;0.61;0.44;"3802";"1001";"";"";"";"";"";"";25;0.61;0.44;"3802";"";"";"";"";"";"";"";5;0.12;0.6;"3020";41;1.0;0.37;"";1;0.02;0.0;"6655";"4645";"";"";"";"";"5";0.12;0.2;"6655";"4645";"3089";"";"";"";"4";0.1;0.25;"6655";"4645";"3089";"3135";"";"";"2";0.05;0.5
"mast";"Ekko";"";"";528;13;0;30;0.4333;0.0;0.0568;2.82;"8128";"8143";"8138";"8106";"8100";"8128";"8143";"8000";"5002";"5008";"5008";"32";"4";18;0.6;0.5;"4";"32";"9";"0.3";"0.33";"1";"3";"2";20;0.67;0.3;"3145";"1001";"2003";"";"";"";"";"";13;0.43;0.46;"3145";"1001";"";"";"";"";"";"";9;0.3;0.56;"3020";22;0.73;0.5;"3111";5;0.17;0.2;"3152";"4645";"3100";"";"";"";"3";0.1;1.0;"3152";"3100";"4645";"";"";"";"2";0.07;0.5;"3152";"3100";"";"";"";"";"2";0.07;0.5
"mast";"Akali";"";"";528;19;0;46;0.413;0.0;0.0871;2.75;"8010";"8009";"9105";"8014";"8000";"8010";"8009";"8100";"5002";"5008";"5008";"32";"4";33;0.72;0.39;"4";"32";"10";"0.22";"0.5";"1";"3";"2";34;0.74;0.44;"3145";"1001";"2003";"";"";"";"";"";20;0.43;0.35;"3145";"1001";"";"";"";"";"";"";5;0.11;0.4;"3020";34;0.74;0.32;"3111";9;0.2;0.78;"3152";"4645";"3157";"";"";"";"4";0.09;0.5;"4636";"4645";"";"";"";"";"2";0.04;0.0;"3084";"4637";"";"";"";"";"2";0.04;1.0
"mast";"Annie";"";"";528;8;0;23;0.3478;0.0;0.0436;3.33;"8128";"8126";"8138";"8106";"8100";"8128";"8126";"8000";"5002";"5008";"5008";"32";"4";13;0.57;0.38;"4";"32";"8";"0.35";"0.25";"1";"2";"3";10;0.43;0.5;"3802";"1001";"";"";"";"";"";"";16;0.7;0.38;"3803";"2003";"2003";"";"";"";"";"";2;0.09;0.5;"3020";21;0.91;0.38;"3158";2;0.09;0.0;"6655";"4645";"";"";"";"";"5";0.22;0.6;"6655";"4645";"3089";"";"";"";"4";0.17;0.25;"6655";"4645";"3157";"3089";"";"";"2";0.09;0.5
"mast";"Shyvana";"";"";528;4;0;13;0.3077;0.0;0.0246;3.22;"8128";"8143";"8138";"8135";"8100";"8128";"8143";"8200";"5002";"5008";"5008";"4";"32";5;0.38;0.2;"32";"4";"2";"0.15";"0.5";"3";"2";"1";6;0.46;0.17;"3145";"1001";"2003";"";"";"";"";"";6;0.46;0.33;"3145";"1001";"";"";"";"";"";"";2;0.15;0.5;"3020";7;0.54;0.43;"3111";2;0.15;0.0;"4636";"4645";"";"";"";"";"2";0.15;0.5;"4636";"4629";"3165";"4645";"";"";"1";0.08;0.0;"4636";"4628";"";"";"";"";"1";0.08;1.0
"mast";"Soraka";"";"";528;17;0;35;0.4857;0.0;0.0663;5.8;"8214";"8226";"8210";"8237";"8200";"8214";"8226";"8400";"5002";"5008";"5008";"13";"4";11;0.31;0.27;"3";"4";"7";"0.2";"0.57";"2";"1";"3";14;0.4;0.57;"4642";"3070";"2003";"";"";"";"";"";18;0.51;0.28;"4642";"1028";"2003";"";"";"";"";"";3;0.09;0.33;"3158";29;0.83;0.48;"3111";1;0.03;0.0;"6617";"3083";"3003";"3107";"";"";"5";0.14;0.6;"6617";"3083";"";"";"";"";"3";0.09;0.67;"6617";"3083";"3119";"";"";"";"2";0.06;0.5
"mast";"Nami";"";"";528;15;0;29;0.5172;0.0;0.0549;7.04;"8214";"8226";"8210";"8237";"8200";"8214";"8226";"8000";"5002";"5008";"5008";"3";"4";23;0.79;0.52;"4";"3";"1";"0.03";"0";"2";"3";"1";17;0.59;0.53;"4642";"3070";"2003";"";"";"";"";"";18;0.62;0.61;"3070";"4642";"2003";"";"";"";"";"";1;0.03;0.0;"3158";27;0.93;0.56;"3020";1;0.03;0.0;"6617";"4005";"3003";"6616";"";"";"2";0.07;0.5;"6617";"";"";"";"";"";"2";0.07;0.5;"6617";"3003";"3222";"4005";"";"";"2";0.07;1.0
"mast";"XinZhao";"";"";528;9;0;14;0.6429;0.0;0.0265;2.96;"8010";"9111";"9104";"8014";"8000";"8010";"9111";"8100";"5002";"5008";"5005";"32";"4";8;0.57;0.75;"4";"32";"6";"0.43";"0.5";"2";"3";"1";7;0.5;0.57;"3134";"1001";"";"";"";"";"";"";6;0.43;0.33;"6029";"1001";"";"";"";"";"";"";2;0.14;1.0;"3111";8;0.57;0.75;"3047";4;0.29;0.75;"6630";"3161";"3053";"";"";"";"2";0.14;1.0;"6630";"3161";"";"";"";"";"1";0.07;1.0;"6691";"6676";"3508";"3156";"6333";"";"1";0.07;1.0
"mast";"Nocturne";"";"";528;7;0;16;0.4375;0.0;0.0303;2.89;"8128";"8143";"8138";"8106";"8100";"9923";"8143";"8000";"5002";"5008";"5005";"32";"4";11;0.69;0.55;"4";"32";"4";"0.25";"0.25";"1";"3";"2";9;0.56;0.44;"3134";"1001";"";"";"";"";"";"";7;0.44;0.57;"6029";"1001";"";"";"";"";"";"";2;0.12;0.5;"3158";6;0.38;0.67;"3111";6;0.38;0.33;"6691";"6696";"6676";"";"";"";"2";0.12;1.0;"6692";"3036";"3074";"3004";"";"";"1";0.06;0.0;"6691";"6696";"6676";"3814";"";"";"1";0.06;0.0
"mast";"Belveth";"";"";528;8;0;18;0.4444;0.0;0.0341;2.88;"8010";"9111";"9104";"8014";"8000";"8010";"9111";"8100";"5002";"5008";"5005";"32";"4";13;0.72;0.38;"4";"32";"3";"0.17";"0.33";"1";"3";"2";9;0.5;0.44;"3184";"1036";"";"";"";"";"";"";2;0.11;0.5;"2051";"1028";"";"";"";"";"";"";2;0.11;0.0;"3111";9;0.5;0.33;"3047";5;0.28;0.6;"6667";"3153";"6333";"";"";"";"1";0.06;0.0;"6672";"3153";"3065";"";"";"";"1";0.06;0.0;"6672";"3078";"6333";"";"";"";"1";0.06;1.0
"mast";"Milio";"";"";528;8;0;13;0.6154;0.0;0.0246;6.8;"8214";"8226";"8210";"8236";"8200";"8214";"8226";"8400";"5002";"5008";"5007";"3";"4";9;0.69;0.67;"4";"3";"1";"0.08";"0";"2";"3";"1";6;0.46;0.67;"4642";"3070";"2003";"";"";"";"";"";6;0.46;0.67;"4642";"1028";"";"";"";"";"";"";2;0.15;1.0;"3158";10;0.77;0.6;"3020";2;0.15;0.5;"6617";"3504";"3107";"3003";"";"";"2";0.15;0.5;"2065";"3003";"3504";"";"";"";"1";0.08;1.0;"6617";"3107";"3504";"3083";"6616";"";"1";0.08;1.0
"mast";"Nilah";"";"";528;12;0;21;0.5714;0.0;0.0398;3.16;"8010";"9111";"9103";"8014";"8000";"8010";"9111";"8100";"5002";"5008";"5005";"32";"4";15;0.71;0.6;"32";"6";"2";"0.1";"1";"1";"3";"2";13;0.62;0.69;"3134";"1001";"";"";"";"";"";"";12;0.57;0.75;"1038";"";"";"";"";"";"";"";2;0.1;0.0;"3006";8;0.38;0.62;"3111";7;0.33;0.43;"6676";"6675";"3072";"";"";"";"2";0.1;1.0;"6676";"6673";"3031";"3074";"";"";"1";0.05;1.0;"3074";"6673";"3072";"";"";"";"1";0.05;1.0
"mast";"Fiora";"";"";528;12;0;25;0.48;0.0;0.0473;2.94;"8010";"9111";"9104";"8014";"8000";"8010";"9111";"8100";"5002";"5008";"5005";"32";"4";15;0.6;0.53;"4";"32";"5";"0.2";"0.6";"1";"3";"2";20;0.8;0.5;"3057";"1036";"1036";"";"";"";"";"";5;0.2;0.8;"3057";"1036";"1001";"2003";"";"";"";"";4;0.16;0.25;"3111";14;0.56;0.43;"3047";8;0.32;0.62;"6632";"3074";"6333";"3156";"";"";"2";0.08;0.0;"6632";"3161";"";"";"";"";"2";0.08;0.0;"6632";"3074";"";"";"";"";"1";0.04;1.0
"mast";"Lissandra";"";"";528;10;0;28;0.3571;0.0;0.053;3.11;"8128";"8126";"8138";"8106";"8100";"8128";"8126";"8000";"5002";"5008";"5008";"32";"4";21;0.75;0.48;"4";"32";"5";"0.18";"0";"1";"2";"3";17;0.61;0.41;"3802";"1001";"";"";"";"";"";"";19;0.68;0.37;"3802";"2031";"";"";"";"";"";"";2;0.07;0.0;"3020";20;0.71;0.4;"3158";3;0.11;0.33;"6655";"3157";"";"";"";"";"2";0.07;0.0;"6653";"4637";"3157";"4645";"";"";"1";0.04;1.0;"6653";"3157";"3165";"";"";"";"1";0.04;1.0
"mast";"DrMundo";"";"";528;7;0;20;0.35;0.0;0.0379;2.91;"8437";"8446";"8429";"8451";"8400";"8437";"8446";"8000";"5001";"5002";"5007";"32";"4";17;0.85;0.41;"4";"32";"1";"0.05";"0";"1";"3";"2";8;0.4;0.38;"1011";"1028";"2003";"2003";"";"";"";"";8;0.4;0.25;"3801";"1028";"2031";"";"";"";"";"";2;0.1;0.5;"3111";12;0.6;0.33;"3047";6;0.3;0.5;"3084";"3084";"3065";"4401";"";"";"1";0.05;1.0;"3084";"3065";"3083";"";"";"";"1";0.05;0.0;"3084";"3068";"3083";"";"";"";"1";0.05;1.0
"mast";"Heimerdinger";"";"";528;9;0;26;0.3462;0.0;0.0492;2.96;"8128";"8126";"8138";"8106";"8100";"8128";"8126";"8000";"5002";"5008";"5008";"3";"4";13;0.5;0.23;"7";"4";"2";"0.08";"0.5";"1";"2";"3";12;0.46;0.5;"3802";"1001";"";"";"";"";"";"";15;0.58;0.33;"3802";"2031";"";"";"";"";"";"";5;0.19;0.6;"3020";17;0.65;0.41;"3158";3;0.12;0.0;"6653";"3116";"";"";"";"";"4";0.15;0.5;"6653";"4637";"3165";"";"";"";"2";0.08;0.5;"6653";"3116";"3165";"4637";"";"";"2";0.08;0.5
"mast";"Hecarim";"";"";528;3;0;7;0.4286;0.0;0.0133;2.74;"8010";"9111";"9105";"8299";"8000";"8010";"9111";"8200";"5002";"5008";"5005";"32";"6";3;0.43;0.33;"6";"1";"1";"0.14";"1";"1";"2";"3";6;0.86;0.5;"3057";"3070";"1001";"";"";"";"";"";2;0.29;0.5;"3133";"2003";"";"";"";"";"";"";1;0.14;1.0;"3111";4;0.57;0.0;"3158";1;0.14;1.0;"6632";"3004";"3161";"";"";"";"1";0.14;1.0;"6691";"3004";"3161";"3074";"3742";"";"1";0.14;0.0;"3078";"3074";"3004";"6333";"";"";"1";0.14;0.0
"mast";"Naafiri";"";"";528;5;0;13;0.3846;0.0;0.0246;2.66;"8112";"8143";"8138";"8135";"8100";"8112";"8143";"8000";"5003";"5008";"5008";"32";"4";7;0.54;0.14;"4";"32";"2";"0.15";"1";"1";"3";"2";6;0.46;0.33;"3134";"1001";"";"";"";"";"";"";9;0.69;0.44;"3134";"";"";"";"";"";"";"";2;0.15;0.5;"3158";6;0.46;0.33;"3111";5;0.38;0.6;"6691";"6693";"3814";"";"";"";"1";0.08;0.0;"6692";"3071";"6693";"";"";"";"1";0.08;1.0;"6692";"6676";"3074";"";"";"";"1";0.08;1.0
"mast";"FiddleSticks";"";"";528;15;0;27;0.5556;0.0;0.0511;3.63;"8128";"8126";"8138";"8106";"8100";"8128";"8126";"8000";"5002";"5008";"5008";"32";"4";15;0.56;0.6;"4";"32";"10";"0.37";"0.6";"2";"1";"3";16;0.59;0.69;"3802";"1001";"";"";"";"";"";"";12;0.44;0.58;"3145";"1001";"2003";"";"";"";"";"";4;0.15;0.75;"3020";21;0.78;0.57;"3111";3;0.11;0.67;"3152";"4645";"3157";"3135";"";"";"2";0.07;1.0;"4636";"3157";"4645";"3089";"";"";"2";0.07;0.5;"6653";"3157";"4645";"3165";"";"";"1";0.04;0.0
"mast";"Leona";"";"";528;10;0;26;0.3846;0.0;0.0492;3.15;"8439";"8463";"8473";"8451";"8400";"8439";"8463";"8000";"5001";"5002";"5007";"32";"4";13;0.5;0.54;"4";"32";"7";"0.27";"0.29";"2";"3";"1";15;0.58;0.4;"2051";"3070";"2003";"";"";"";"";"";7;0.27;0.43;"3105";"2031";"";"";"";"";"";"";5;0.19;0.4;"3111";15;0.58;0.27;"3047";10;0.38;0.6;"6665";"3119";"";"";"";"";"2";0.08;0.5;"3084";"3119";"";"";"";"";"1";0.04;0.0;"6665";"3083";"3110";"";"";"";"1";0.04;0.0
"mast";"Ziggs";"";"";528;11;0;24;0.4583;0.0;0.0455;4.38;"8128";"8126";"8138";"8106";"8100";"8128";"8126";"8000";"5002";"5008";"5008";"3";"4";8;0.33;0.5;"13";"4";"5";"0.21";"0.8";"1";"3";"2";18;0.75;0.39;"3802";"1001";"";"";"";"";"";"";14;0.58;0.57;"3802";"";"";"";"";"";"";"";2;0.08;0.5;"3020";15;0.62;0.4;"3158";6;0.25;0.67;"6653";"3165";"";"";"";"";"1";0.04;0.0;"6655";"4628";"3003";"3089";"";"";"1";0.04;0.0;"6653";"4637";"4645";"3089";"";"";"1";0.04;1.0
"mast";"Sejuani";"";"";528;6;0;9;0.6667;0.0;0.017;3.85;"8439";"8463";"8429";"8451";"8400";"8437";"8463";"8000";"5001";"5002";"5005";"4";"32";4;0.44;0.75;"32";"4";"2";"0.22";"0.5";"2";"1";"3";4;0.44;1.0;"2051";"3070";"2003";"";"";"";"";"";5;0.56;0.8;"2051";"3070";"";"";"";"";"";"";1;0.11;1.0;"3111";6;0.67;0.83;"3047";3;0.33;0.33;"6665";"3083";"3119";"3083";"";"";"1";0.11;1.0;"3084";"3119";"";"";"";"";"1";0.11;1.0;"6665";"6665";"3068";"3075";"";"";"1";0.11;1.0
"mast";"Sion";"";"";528;10;0;19;0.5263;0.0;0.036;2.33;"8437";"8446";"8429";"8451";"8400";"8437";"8446";"8000";"5002";"5008";"5005";"32";"4";13;0.68;0.54;"32";"6";"3";"0.16";"1";"1";"2";"3";12;0.63;0.58;"1011";"1028";"2003";"2003";"";"";"";"";4;0.21;0.5;"3134";"1001";"";"";"";"";"";"";2;0.11;0.5;"3047";8;0.42;0.75;"3111";8;0.42;0.38;"3084";"3068";"4401";"3075";"";"";"2";0.11;0.0;"6691";"6676";"6696";"";"";"";"1";0.05;0.0;"3084";"3119";"3075";"3116";"8020";"";"1";0.05;1.0
"mast";"Akshan";"";"";528;8;0;13;0.6154;0.0;0.0246;3.13;"8005";"8009";"9104";"8014";"8000";"8005";"8009";"8100";"5002";"5008";"5005";"4";"3";2;0.15;0.5;"32";"4";"2";"0.15";"0.5";"1";"3";"2";11;0.85;0.55;"6670";"2003";"2003";"";"";"";"";"";6;0.46;0.5;"6670";"";"";"";"";"";"";"";2;0.15;1.0;"3006";9;0.69;0.56;"3111";2;0.15;0.5;"6676";"6691";"3004";"6694";"6693";"6696";"1";0.08;1.0;"6672";"3124";"6676";"3153";"";"";"1";0.08;1.0;"3153";"6672";"3124";"";"";"";"1";0.08;0.0
"mast";"Taric";"";"";528;8;0;12;0.6667;0.0;0.0227;5.08;"8437";"8463";"8429";"8451";"8400";"8437";"8463";"8000";"5002";"5002";"5005";"32";"4";9;0.75;0.56;"4";"32";"3";"0.25";"1";"3";"1";"2";7;0.58;0.57;"3067";"3070";"2031";"";"";"";"";"";3;0.25;0.67;"2051";"3070";"2003";"";"";"";"";"";3;0.25;0.67;"3111";9;0.75;0.78;"3158";2;0.17;0.0;"6665";"3065";"3075";"";"";"";"1";0.08;1.0;"3084";"";"";"";"";"";"1";0.08;1.0;"6662";"4401";"3065";"";"";"";"1";0.08;1.0
"mast";"Kalista";"";"";528;8;0;15;0.5333;0.0;0.0284;3.21;"8008";"9111";"9104";"8014";"8000";"8008";"9111";"8100";"5002";"5008";"5005";"1";"4";7;0.47;0.71;"4";"1";"5";"0.33";"0.4";"3";"1";"2";8;0.53;0.38;"3006";"1042";"";"";"";"";"";"";9;0.6;0.56;"6677";"2003";"2003";"2003";"2003";"";"";"";1;0.07;0.0;"3006";15;1.0;0.53;"";1;0.07;0.0;"3153";"3124";"3085";"3036";"";"";"2";0.13;1.0;"3153";"3124";"3091";"";"";"";"2";0.13;0.0;"3153";"3124";"";"";"";"";"2";0.13;1.0
"mast";"Olaf";"";"";528;6;0;9;0.6667;0.0;0.017;3.51;"8010";"9111";"9104";"8299";"8000";"8010";"9111";"8100";"5002";"5008";"5005";"6";"4";2;0.22;1.0;"32";"4";"2";"0.22";"0.5";"1";"3";"2";7;0.78;0.57;"3077";"2031";"";"";"";"";"";"";3;0.33;0.67;"6029";"1001";"";"";"";"";"";"";2;0.22;0.5;"3111";5;0.56;0.6;"3047";3;0.33;0.67;"6630";"3074";"6333";"";"";"";"1";0.11;0.0;"3074";"6631";"3065";"3153";"";"";"1";0.11;1.0;"6631";"3053";"3074";"3065";"";"";"1";0.11;1.0
"mast";"Aatrox";"";"";528;18;0;37;0.4865;0.0;0.0701;3.11;"8010";"9111";"9105";"8299";"8000";"8010";"9111";"8400";"5002";"5008";"5008";"32";"4";25;0.68;0.56;"4";"32";"7";"0.19";"0.29";"1";"3";"2";24;0.65;0.54;"3134";"1001";"";"";"";"";"";"";12;0.32;0.58;"6029";"1001";"";"";"";"";"";"";9;0.24;0.44;"3111";24;0.65;0.42;"3047";12;0.32;0.58;"6691";"6694";"";"";"";"";"3";0.08;0.33;"6630";"3071";"";"";"";"";"2";0.05;0.5;"6691";"6694";"6333";"";"";"";"2";0.05;0.5
"mast";"Yorick";"";"";528;0;0;1;0.0;0.0;0.0019;2.15;"8010";"9111";"9103";"8299";"8000";"8010";"9111";"8400";"5002";"5008";"5005";"4";"32";1;1.0;0.0;"";"";"1";"1";"0";"1";"3";"2";1;1.0;0.0;"3057";"3070";"1001";"";"";"";"";"";1;1.0;0.0;"";"";"";"";"";"";"";"";1;1.0;0.0;"3047";1;1.0;0.0;"";1;1.0;0.0;"6632";"3119";"6333";"3075";"";"";"1";1.0;0.0;"";"";"";"";"";"";"1";1.0;0.0;"";"";"";"";"";"";"1";1.0;0.0
"mast";"Elise";"";"";528;7;0;9;0.7778;0.0;0.017;5.0;"8128";"8126";"8138";"8135";"8100";"8128";"8126";"8000";"5002";"5008";"5008";"32";"4";8;0.89;0.88;"1";"4";"1";"0.11";"0";"2";"1";"3";3;0.33;1.0;"3145";"1001";"2003";"";"";"";"";"";4;0.44;0.75;"3802";"1001";"";"";"";"";"";"";2;0.22;0.5;"3020";8;0.89;0.75;"";1;0.11;0.0;"6655";"4645";"3135";"3089";"";"";"1";0.11;1.0;"6653";"4645";"3165";"";"";"";"1";0.11;0.0;"6655";"";"";"";"";"";"1";0.11;1.0
"mast";"Karthus";"";"";528;21;0;34;0.6176;0.0;0.0644;2.77;"8128";"8126";"8138";"8106";"8100";"8128";"8126";"8000";"5002";"5008";"5008";"32";"4";24;0.71;0.71;"4";"32";"6";"0.18";"0.33";"1";"3";"2";25;0.74;0.56;"3802";"1001";"";"";"";"";"";"";14;0.41;0.64;"3802";"2031";"";"";"";"";"";"";4;0.12;0.75;"3020";26;0.76;0.69;"3158";1;0.03;0.0;"6653";"4637";"4645";"3089";"";"";"1";0.03;0.0;"3116";"3003";"";"";"";"";"1";0.03;1.0;"6653";"3089";"4629";"3165";"3135";"";"1";0.03;1.0
"mast";"RekSai";"";"";528;0;0;1;0.0;0.0;0.0019;1.42;"8010";"9111";"9104";"8014";"8000";"8010";"9111";"8100";"5003";"5008";"5005";"32";"4";1;1.0;0.0;"";"";"1";"1";"0";"1";"3";"2";1;1.0;0.0;"3177";"1036";"2003";"2003";"";"";"";"";1;1.0;0.0;"";"";"";"";"";"";"";"";1;1.0;0.0;"3111";1;1.0;0.0;"";1;1.0;0.0;"6692";"3814";"3156";"";"";"";"1";1.0;0.0;"";"";"";"";"";"";"1";1.0;0.0;"";"";"";"";"";"";"1";1.0;0.0
